,Order,Wavelength Start A,Region Size A,Target Start Index A,Target End Index A,Master Start Index A,Master End Index A,Wavelength Start B,Region Size B,Target Start Index B,Target End Index B,Master Start Index B,Master End Index B,Ratio used
0,0,9802.385923366895,0.2993021703368015,2147,2157,2127,2137,9802.385923366895,0.2993021703368015,2122,2132,2127,2137,1.504909034355328
1,2,9911.356894350158,0.2544701395523763,1425,1433,1404,1412,9911.356894350158,0.2544701395523763,1425,1433,1404,1412,1.504909034355328
2,2,9917.096416604212,0.3223042461297787,1584,1594,1563,1573,9917.096416604212,0.3223042461297787,1561,1571,1563,1573,1.504909034355328
3,2,9944.194069571784,0.29570493528252584,2372,2382,2351,2361,9944.194069571784,0.29570493528252584,2347,2357,2351,2361,1.504909034355328
4,2,9948.950587477753,0.54819231696146,2523,2531,2497,2515,9948.950587477753,0.54819231696146,2497,2505,2502,2510,1.504909034355328
5,2,9959.129514772305,0.46350667661787526,2845,2851,2819,2835,9959.129514772305,0.46350667661787526,2818,2824,2824,2830,1.504909034355328
6,3,10015.329545501378,0.426086797262748,2449,2463,2428,2442,10015.329545501378,0.426086797262748,2424,2438,2428,2442,1.504909034355328
7,4,10015.353571828098,0.43414323564139323,545,557,524,536,10015.353571828098,0.43414323564139323,524,536,524,536,1.504909034355328
8,4,10037.690251364993,0.4164916127669116,1122,1134,1101,1113,10037.690251364993,0.4164916127669116,1122,1134,1101,1113,1.504909034355328
9,4,10063.112420379393,0.4615171223232295,1814,1828,1793,1807,10063.112420379393,0.4615171223232295,1790,1804,1793,1807,1.504909034355328
10,4,10084.963109189377,0.4950602628484013,2451,2467,2430,2446,10084.963109189377,0.4950602628484013,2426,2442,2430,2446,1.504909034355328
11,5,10126.663599425536,0.47384658486304687,1627,1637,1604,1618,10126.663599425536,0.47384658486304687,1604,1614,1606,1616,1.504909034355328
12,5,10174.120791321668,0.33837586826068744,3032,3044,3011,3023,10174.120791321668,0.33837586826068744,3004,3016,3011,3023,1.504909034355328
13,5,10174.7049220217,0.5825299537165485,3051,3071,3030,3050,10174.7049220217,0.5825299537165485,3023,3043,3030,3050,1.504909034355328
14,6,10205.618822175486,0.395392195233768,1835,1847,1814,1826,10205.618822175486,0.395392195233768,1811,1823,1814,1826,1.504909034355328
15,6,10211.4307256164,0.3179311021783704,1998,2008,1977,1987,10211.4307256164,0.3179311021783704,1979,1979,1977,1987,1.504909034355328
16,6,10213.544313548995,0.5262000983163873,2058,2074,2037,2053,10213.544313548995,0.5262000983163873,2034,2050,2037,2053,1.8067660104565002
17,6,10228.003760405738,1.066674023659786,2495,2513,2459,2492,10228.003760405738,1.066674023659786,2469,2487,2474,2492,1.504909034355328
18,7,10287.154924089455,0.4577169692265848,2092,2104,2070,2084,10287.154924089455,0.4577169692265848,2068,2080,2071,2083,1.504909034355328
19,7,10289.121836822309,0.5946212893848113,2147,2165,2126,2144,10289.121836822309,0.5946212893848113,2123,2141,2126,2144,1.2823613131786413
20,7,10298.528844898026,0.6770959974677915,2421,2439,2399,2420,10298.528844898026,0.6770959974677915,2396,2414,2400,2418,1.504909034355328
21,8,10399.191323239495,0.3347549417909157,3258,3270,3237,3249,10399.191323239495,0.3347549417909157,3230,3242,3237,3249,1.504909034355328
22,9,10420.872414486052,0.7074925523120612,1699,1719,1678,1698,10420.872414486052,0.7074925523120612,1676,1696,1678,1698,1.2936310396636856
23,9,10471.396711119134,0.7445609014111731,3174,3186,3152,3177,10471.396711119134,0.7445609014111731,3146,3158,3153,3165,1.504909034355328
24,10,10453.079179650793,0.5349004908050681,601,615,580,594,10453.079179650793,0.5349004908050681,601,615,580,594,1.504909034355328
25,10,10471.427501172555,0.8749930611906542,1054,1077,1033,1056,10471.427501172555,0.8749930611906542,1054,1077,1033,1056,1.504909034355328
26,10,10511.568152732742,0.9685238100409777,2116,2136,2091,2119,10511.568152732742,0.9685238100409777,2092,2112,2095,2115,1.504909034355328
27,10,10527.178767610561,0.30634203231461044,2561,2565,2537,2547,10527.178767610561,0.30634203231461044,2535,2539,2540,2544,1.504909034355328
28,11,10575.014111758463,0.33838322963442025,1752,1762,1731,1741,10575.014111758463,0.33838322963442025,1734,1734,1731,1741,1.504909034355328
29,11,10588.156586781359,0.325674773000717,2111,2115,2087,2097,10588.156586781359,0.325674773000717,2087,2091,2090,2094,1.504909034355328
30,11,10588.988208701892,0.25267269905926426,2131,2139,2110,2118,10588.988208701892,0.25267269905926426,2131,2139,2110,2118,1.504909034355328
31,11,10623.36981228273,0.4747470132615561,3144,3160,3123,3139,10623.36981228273,0.4747470132615561,3116,3132,3123,3139,1.504909034355328
32,13,10723.164907242688,0.42889180708050034,1535,1539,1510,1522,10723.164907242688,0.42889180708050034,1512,1516,1514,1518,1.504909034355328
33,13,10731.388286930134,0.7250684307535948,1744,1764,1723,1743,10731.388286930134,0.7250684307535948,1721,1741,1723,1743,1.7015510584230988
34,13,10745.946366473903,0.4027182035848398,2133,2145,2112,2124,10745.946366473903,0.4027182035848398,2109,2121,2112,2124,1.0095149463751456
35,13,10753.65425214561,0.5712367242161065,2346,2363,2325,2342,10753.65425214561,0.5712367242161065,2321,2338,2325,2342,1.1663554731323864
36,13,10774.902643562267,0.36269088184548437,2964,2976,2943,2955,10774.902643562267,0.36269088184548437,2937,2949,2943,2955,1.504909034355328
37,14,10774.813312300003,0.4587623498308879,831,843,810,822,10774.813312300003,0.4587623498308879,809,821,810,822,1.504909034355328
38,14,10831.922677196939,0.6877141807271059,2291,2311,2270,2290,10831.922677196939,0.6877141807271059,2266,2286,2270,2290,1.504909034355328
39,14,10833.981181447494,0.5393935589137477,2348,2364,2327,2343,10833.981181447494,0.5393935589137477,2323,2339,2327,2343,1.4124178059464225
40,14,10844.305211631941,0.7626124333426354,2640,2663,2619,2642,10844.305211631941,0.7626124333426354,2614,2637,2619,2642,1.504909034355328
41,14,10846.861763316454,1.1321689626364595,2714,2748,2693,2727,10846.861763316454,1.1321689626364595,2714,2748,2693,2727,1.504909034355328
42,15,10833.923860905361,0.5655005725913043,319,333,298,312,10833.923860905361,0.5655005725913043,298,312,298,312,1.504909034355328
43,15,10844.376065169381,0.68528255113387,561,578,540,557,10844.376065169381,0.68528255113387,540,557,540,557,1.504909034355328
44,15,10926.05259800246,0.8025467962369248,2646,2670,2625,2649,10926.05259800246,0.8025467962369248,2620,2644,2625,2649,1.384575552408621
45,15,10951.126896512125,0.40829404202469277,3401,3415,3380,3394,10951.126896512125,0.40829404202469277,3372,3386,3380,3394,1.504909034355328
46,16,10951.10172528179,0.5366706747733652,1143,1155,1121,1135,10951.10172528179,0.5366706747733652,1121,1133,1122,1134,1.504909034355328
47,16,10974.989436562544,0.6637609481097151,1736,1754,1715,1733,10974.989436562544,0.6637609481097151,1713,1731,1715,1733,1.3245278405971979
48,16,11009.036957569724,0.4569515983554595,2652,2666,2631,2645,11009.036957569724,0.4569515983554595,2626,2640,2631,2645,1.504909034355328
49,16,11029.316832766192,0.8729224164683025,3252,3280,3231,3259,11029.316832766192,0.8729224164683025,3224,3252,3231,3259,1.504909034355328
50,17,11008.965080870885,0.566192837496704,538,552,517,531,11008.965080870885,0.566192837496704,517,531,517,531,1.504909034355328
51,17,11029.3540587515,0.37837147859764997,1014,1024,993,1003,11029.3540587515,0.37837147859764997,992,1002,993,1003,1.504909034355328
52,17,11029.858492358513,0.3780009425491393,1026,1036,1005,1015,11029.858492358513,0.3780009425491393,1004,1014,1005,1015,1.9265303867736274
53,17,11089.471050549984,0.39462120749789165,2551,2563,2530,2542,11089.471050549984,0.39462120749789165,2525,2537,2530,2542,1.504909034355328
54,17,11090.11651153696,0.3937319063140876,2569,2581,2548,2560,11090.11651153696,0.3937319063140876,2543,2555,2548,2560,1.504909034355328
55,18,11140.420451842674,0.7593420738816192,1654,1670,1629,1649,11140.420451842674,0.7593420738816192,1631,1647,1633,1649,1.504909034355328
56,18,11155.328769783922,0.4994384008139008,2030,2044,2009,2023,11155.328769783922,0.4994384008139008,2030,2044,2009,2023,1.504909034355328
57,18,11156.250251762376,0.4215310834276842,2057,2063,2033,2045,11156.250251762376,0.4215310834276842,2033,2039,2036,2042,1.504909034355328
58,18,11179.72056125374,2.617532825703872,2689,2764,2668,2743,11179.72056125374,2.617532825703872,2689,2764,2668,2743,1.504909034355328
59,18,11184.511730174892,3.1580143382492487,2825,2917,2804,2896,11184.511730174892,3.1580143382492487,2825,2917,2804,2896,1.504909034355328
60,20,11306.0951099785,0.5380329445259235,1445,1459,1424,1438,11306.0951099785,0.5380329445259235,1445,1459,1424,1438,1.504909034355328
61,20,11323.097410580845,0.5160548638838414,1864,1878,1843,1857,11323.097410580845,0.5160548638838414,1840,1854,1843,1857,1.504909034355328
62,20,11330.802296787777,0.738203198586973,2060,2080,2039,2059,11330.802296787777,0.738203198586973,2060,2080,2039,2059,1.504909034355328
63,20,11353.960068438211,0.5415553800469652,2677,2693,2656,2672,11353.960068438211,0.5415553800469652,2651,2667,2656,2672,2.033106576612162
64,20,11393.242479389994,0.6376614885117426,3856,3878,3835,3857,11393.242479389994,0.6376614885117426,3825,3847,3835,3857,1.504909034355328
65,21,11439.65314197471,0.5527083336032135,2576,2592,2555,2571,11439.65314197471,0.5527083336032135,2550,2566,2555,2571,1.564755271033334
66,21,11451.21713150838,0.7420459357132536,2896,2918,2875,2897,11451.21713150838,0.7420459357132536,2869,2891,2875,2897,1.504909034355328
67,21,11468.604591909598,0.29606847097074507,3405,3415,3384,3394,11468.604591909598,0.29606847097074507,3405,3415,3384,3394,1.504909034355328
68,22,11439.655341940444,0.5935792121825045,400,414,379,393,11439.655341940444,0.5935792121825045,379,393,379,393,1.504909034355328
69,22,11451.249117686852,0.7177459347484927,661,673,635,652,11451.249117686852,0.7177459347484927,640,652,640,652,1.504909034355328
70,22,11468.410834904567,0.5658868465752143,1044,1058,1023,1037,11468.410834904567,0.5658868465752143,1022,1036,1023,1037,1.504909034355328
71,22,11538.464146469121,1.225984564907634,2795,2821,2774,2809,11538.464146469121,0.901992316106881,2769,2795,2774,2800,1.650578516096955
72,22,11564.955252646267,0.5817728918677822,3570,3587,3547,3566,11564.955252646267,0.5817728918677822,3541,3558,3549,3566,1.504909034355328
73,23,11538.38925438324,0.7738487282327178,558,574,536,554,11538.434800281915,0.6828077448473024,537,553,537,553,1.8679267981183816
74,23,11564.980502028606,0.4780357957012704,1154,1166,1133,1145,11564.980502028606,0.4780357957012704,1132,1144,1133,1145,1.504909034355328
75,23,11591.309659045108,0.6963444453522705,1777,1795,1756,1774,11591.309659045108,0.6963444453522705,1754,1772,1756,1774,1.569695824529855
76,23,11604.170367491964,1.1472347447871734,2097,2125,2075,2105,11604.170367491964,1.1472347447871734,2073,2101,2076,2104,1.504909034355328
77,23,11616.888708817818,0.724110315559745,2423,2443,2402,2422,11616.888708817818,0.724110315559745,2398,2418,2402,2422,1.504909034355328
78,23,11627.648518559512,0.40473499124393797,2710,2722,2689,2701,11627.648518559512,0.40473499124393797,2684,2696,2689,2701,1.5069979636658966
79,23,11650.26242437196,0.9419675937527572,3351,3380,3330,3359,11650.26242437196,0.9419675937527572,3323,3352,3330,3359,1.5176011128035862
80,24,11627.554528741495,0.5076540110460215,472,484,451,463,11627.554528741495,0.5076540110460215,451,463,451,463,1.504909034355328
81,24,11650.272010957782,0.9332519767113467,973,995,952,974,11650.272010957782,0.9332519767113467,951,973,952,974,1.311845341523118
82,24,11695.547643639498,1.4031984379192508,2057,2073,2020,2056,11695.547643639498,1.4031984379192508,2033,2049,2036,2052,1.504909034355328
83,24,11715.562680189718,0.41595163156271653,2554,2566,2533,2545,11715.562680189718,0.41595163156271653,2528,2540,2533,2545,1.5463508091118843
84,24,11716.280786655881,0.41497366390030876,2576,2582,2552,2564,11716.394017492426,0.18862440220868137,2550,2556,2555,2561,1.2178360559434205
85,24,11750.82899625775,0.36251548029886393,3549,3561,3528,3540,11750.82899625775,0.36251548029886393,3549,3561,3528,3540,1.504909034355328
86,25,11715.619907869017,0.32860162761050304,333,341,312,320,11715.619907869017,0.32860162761050304,312,320,312,320,1.504909034355328
87,25,11716.230051050285,0.5158781804892598,348,356,325,337,11716.230051050285,0.5158781804892598,327,335,327,335,1.504909034355328
88,25,11787.338333193835,0.44890448559486984,1961,1971,1939,1951,11787.338333193835,0.44890448559486984,1937,1947,1940,1950,1.504909034355328
89,25,11788.276346338258,0.4477938591751496,1983,1995,1962,1974,11788.276346338258,0.4477938591751496,1959,1971,1962,1974,1.504909034355328
90,26,11865.690534654108,0.3868483126945321,1526,1536,1505,1515,11865.690534654108,0.3868483126945321,1503,1513,1505,1515,1.504909034355328
91,26,11866.935847299445,0.30007113722030354,1555,1563,1534,1542,11866.935847299445,0.30007113722030354,1532,1540,1534,1542,1.504909034355328
92,27,11967.73265631789,0.5579714143255643,1621,1629,1597,1611,11967.73265631789,0.5579714143255643,1598,1606,1600,1608,1.504909034355328
93,27,11988.2169782502,0.7745200908537697,2107,2127,2086,2106,11988.2169782502,0.7745200908537697,2083,2103,2086,2106,1.504909034355328
94,27,11999.779561374859,0.6705015551822235,2395,2413,2374,2392,11999.779561374859,0.6705015551822235,2370,2388,2374,2392,1.504909034355328
95,27,12006.732581219625,0.6561937232540949,2573,2591,2552,2570,12006.732581219625,0.6561937232540949,2547,2565,2552,2570,1.3380256007380058
96,27,12024.031848520392,0.4000531268544272,3034,3046,3013,3025,12024.031848520392,0.4000531268544272,3007,3019,3013,3025,1.504909034355328
97,27,12030.60877652443,0.5316512112862881,3217,3233,3196,3212,12030.60877652443,0.5316512112862881,3189,3205,3196,3212,1.3207914641362304
98,27,12055.687195384935,0.41082954509663594,3964,3978,3943,3957,12055.687195384935,0.41082954509663594,3933,3947,3943,3957,1.504909034355328
99,28,12006.453623740183,1.0116679323646238,289,309,267,289,12006.453623740183,1.0116679323646238,268,288,268,288,1.504909034355328
100,28,12024.025163026892,0.422923615610582,659,665,636,646,12024.025163026892,0.422923615610582,637,643,638,644,1.504909034355328
101,28,12030.571895076899,0.6043848057024626,797,811,776,790,12030.571895076899,0.6043848057024626,775,789,776,790,1.4933302229329812
102,28,12055.631723092209,0.4881938187661916,1348,1360,1327,1339,12055.631723092209,0.4881938187661916,1325,1337,1327,1339,1.5662241549628815
103,28,12119.921743879238,0.855746285211012,2920,2941,2897,2921,12119.921743879238,0.855746285211012,2893,2914,2899,2920,1.504909034355328
104,28,12122.333389363499,0.5535541395840227,2983,2999,2962,2978,12122.333389363499,0.5535541395840227,2956,2972,2962,2978,1.5879010877412276
105,28,12135.552753817938,0.3856939190782782,3350,3362,3329,3341,12135.552753817938,0.3856939190782782,3322,3334,3329,3341,1.504909034355328
106,29,12122.297557355238,0.6182676804367127,598,612,577,591,12122.297557355238,0.6182676804367127,577,591,577,591,1.5274550458456957
107,29,12135.48239949584,0.7448592404424303,878,895,857,874,12135.48239949584,0.7448592404424303,856,873,857,874,1.7851870995383714
108,29,12154.305584661663,0.404745445179433,1289,1299,1268,1278,12154.305584661663,0.404745445179433,1266,1276,1268,1278,1.504909034355328
109,29,12155.159662275284,0.4040518439896168,1308,1318,1287,1297,12155.159662275284,0.4040518439896168,1285,1295,1287,1297,1.504909034355328
110,29,12229.197792289466,0.5477448739399371,3119,3135,3098,3114,12229.197792289466,0.5477448739399371,3092,3108,3098,3114,1.3713133572836442
111,30,12228.793598567083,0.9053851988083395,676,696,655,675,12228.793598567083,0.9053851988083395,654,674,655,675,1.4455184487127049
112,30,12257.369241137922,0.6796357269100994,1290,1306,1269,1285,12257.369241137922,0.6796357269100994,1267,1283,1269,1285,1.516490535874046
113,30,12286.625374269152,0.8060467183890196,1956,1975,1935,1955,12286.625374269152,0.7636640398844818,1932,1951,1935,1954,1.4798499731485886
114,30,12325.680192673,0.4156673941979605,2928,2940,2907,2919,12325.680192673,0.4156673941979605,2901,2913,2907,2919,1.6479781046967321
115,30,12351.039408584156,0.5124082340479674,3634,3646,3611,3627,12351.039408584156,0.5124082340479674,3605,3617,3613,3625,1.504909034355328
116,30,12351.756449383316,0.4427218539237998,3653,3667,3632,3646,12351.756449383316,0.4427218539237998,3624,3637,3632,3646,1.713076829496253
117,31,12325.612721238285,0.6318225721457793,519,527,495,509,12325.612721238285,0.6318225721457793,498,506,498,506,1.504909034355328
118,31,12351.11274449218,0.9789548367722389,1051,1073,1030,1052,12351.11274449218,0.9789548367722389,1029,1051,1030,1052,1.391814252918766
119,31,12400.483347111322,0.8775561739793325,2165,2187,2144,2166,12400.483347111322,0.8775561739793325,2141,2162,2144,2166,1.504909034355328
120,31,12422.732559274453,0.4308056924573478,2714,2726,2693,2705,12422.732559274453,0.4308056924573478,2688,2700,2693,2705,1.1239169044841504
121,31,12423.47630168053,0.4297698148603146,2734,2744,2712,2724,12423.515396462868,0.3516298550310104,2708,2718,2713,2723,1.6702301995903719
122,31,12462.46028574088,0.7037794378272899,3805,3827,3784,3806,12462.46028574088,0.7037794378272899,3775,3797,3784,3806,1.504909034355328
123,32,12422.684195952796,0.4466149171333811,329,339,308,318,12422.684195952796,0.4466149171333811,308,318,308,318,1.504909034355328
124,32,12423.428408256623,0.5452911326297993,346,354,323,335,12423.428408256623,0.5452911326297993,325,333,325,333,1.504909034355328
125,32,12482.27695182122,0.7161331803362536,1589,1597,1567,1584,12482.27695182122,0.7161331803362536,1566,1574,1568,1576,1.504909034355328
126,32,12501.7258473463,0.38495778460490016,2032,2042,2011,2021,12501.7258473463,0.38495778460490016,2008,2018,2011,2021,1.504909034355328
127,32,12502.66619131299,0.46932845149560976,2054,2066,2033,2045,12502.66619131299,0.46932845149560976,2030,2042,2033,2045,1.504909034355328
128,32,12526.26854826228,0.43915931282167975,2625,2637,2604,2616,12526.26854826228,0.43915931282167975,2599,2611,2604,2616,1.504909034355328
129,32,12541.810977974043,0.5686003567739739,3024,3040,3003,3019,12541.810977974043,0.5686003567739739,2997,3013,3003,3019,1.504909034355328
130,33,12557.848481817975,0.4324953526047004,881,891,860,870,12557.848481817975,0.4324953526047004,859,869,860,870,1.504909034355328
131,33,12574.058813752777,0.6068611082055142,1223,1237,1202,1216,12574.058813752777,0.6068611082055142,1223,1237,1202,1216,1.504909034355328
132,33,12588.154684300911,0.4085126854525001,1532,1536,1508,1518,12588.154684300911,0.4085126854525001,1509,1513,1511,1515,1.504909034355328
133,33,12589.424452215519,0.4074122544439618,1557,1567,1536,1546,12589.424452215519,0.4074122544439618,1534,1544,1536,1546,1.504909034355328
134,33,12590.735954272037,0.40626744565175343,1586,1596,1565,1575,12590.735954272037,0.40626744565175343,1586,1596,1565,1575,1.504909034355328
135,33,12597.94941316882,0.7549102251402928,1747,1765,1726,1744,12597.94941316882,0.7549102251402928,1723,1741,1726,1744,1.504909034355328
136,33,12604.521401256108,0.3062605172976518,1896,1904,1875,1883,12604.521401256108,0.3062605172976518,1872,1880,1875,1883,1.504909034355328
137,33,12607.834436558194,0.564029090013296,1972,1986,1951,1965,12607.834436558194,0.564029090013296,1948,1962,1951,1965,1.504909034355328
138,33,12611.163760545438,0.3873358696693252,2049,2059,2028,2038,12611.163760545438,0.3873358696693252,2025,2035,2028,2038,1.504909034355328
139,33,12614.508035672397,0.3840339322747077,2129,2135,2106,2116,12614.508035672397,0.3840339322747077,2105,2111,2108,2114,1.504909034355328
140,33,12617.992827005004,0.46504017515047735,2211,2219,2188,2200,12617.992827005004,0.46504017515047735,2186,2194,2190,2198,1.504909034355328
141,33,12621.403653426201,0.46077121941046073,2290,2302,2269,2281,12621.403653426201,0.46077121941046073,2290,2302,2269,2281,1.504909034355328
142,33,12625.156441076824,0.5388275083384464,2380,2394,2359,2373,12625.156441076824,0.5388275083384464,2355,2369,2359,2373,1.504909034355328
143,33,12632.624870631265,0.5272281868307083,2563,2575,2541,2555,12632.624870631265,0.5272281868307083,2537,2549,2542,2554,1.504909034355328
144,33,12642.537582618312,0.43252811480209985,2810,2822,2789,2801,12642.537582618312,0.43252811480209985,2810,2822,2789,2801,1.504909034355328
145,33,12660.429499300828,0.6271511119493312,3282,3294,3258,3276,12660.429499300828,0.6271511119493312,3254,3266,3261,3273,1.504909034355328
146,33,12665.259320868669,0.47070624034084574,3411,3425,3390,3404,12665.259320868669,0.47070624034084574,3411,3425,3390,3404,1.504909034355328
147,34,12660.429131129347,0.5393643264328674,725,737,704,716,12660.429131129347,0.5393643264328674,703,715,704,716,1.504909034355328
148,34,12674.110470730582,0.4315243337527086,1007,1017,986,996,12674.110470730582,0.4315243337527086,985,995,986,996,1.504909034355328
149,34,12684.70604261969,0.6113714951583304,1230,1244,1209,1223,12684.70604261969,0.6113714951583304,1207,1221,1209,1223,1.504909034355328
150,34,12685.552369089144,0.8918746557506907,1248,1268,1227,1247,12685.552369089144,0.8918746557506907,1225,1245,1227,1247,1.504909034355328
151,34,12688.737337733375,0.326757148199075,1316,1324,1295,1303,12688.737337733375,0.326757148199075,1293,1301,1295,1303,1.504909034355328
152,34,12690.834288578988,0.5112762940928661,1361,1373,1340,1352,12690.834288578988,0.5112762940928661,1338,1350,1340,1352,1.504909034355328
153,34,12692.551977947865,0.8797744753796799,1398,1418,1377,1397,12692.551977947865,0.8797744753796799,1375,1395,1377,1397,1.504909034355328
154,34,12696.88931327808,0.5050530846406609,1492,1504,1471,1483,12696.88931327808,0.5050530846406609,1469,1481,1471,1483,1.504909034355328
155,34,12698.44867702113,0.41192535111367334,1529,1533,1505,1515,12698.44867702113,0.41192535111367334,1506,1510,1508,1512,1.504909034355328
156,34,12700.27673059977,0.5014788584722929,1566,1578,1545,1557,12700.27673059977,0.5014788584722929,1543,1555,1545,1557,1.504909034355328
157,34,12701.051518015962,0.4096641631723408,1584,1592,1562,1572,12701.051518015962,0.4096641631723408,1561,1569,1563,1571,1.504909034355328
158,34,12704.047368530735,0.31660343734252194,1650,1656,1628,1636,12704.047368530735,0.31660343734252194,1627,1633,1629,1635,1.504909034355328
159,34,12706.753984648092,0.4944570131071302,1709,1721,1688,1700,12706.753984648092,0.4944570131071302,1686,1698,1688,1700,1.504909034355328
160,34,12710.069783316434,0.40157693296904995,1783,1793,1762,1772,12710.069783316434,0.40157693296904995,1759,1769,1762,1772,1.504909034355328
161,34,12716.846056471068,0.48301699342667703,1936,1948,1915,1927,12716.846056471068,0.48301699342667703,1912,1924,1915,1927,1.504909034355328
162,34,12719.997381985486,0.47931743593299103,2008,2020,1987,1999,12719.997381985486,0.47931743593299103,1984,1996,1987,1999,1.504909034355328
163,34,12725.109396899401,0.4731842127592145,2126,2138,2105,2117,12725.109396899401,0.4731842127592145,2102,2114,2105,2117,1.504909034355328
164,34,12727.169968929511,0.3851327640758129,2174,2184,2153,2163,12727.169968929511,0.3851327640758129,2174,2184,2153,2163,1.504909034355328
165,34,12730.282621417446,0.46680822618716533,2247,2259,2226,2238,12730.282621417446,0.46680822618716533,2222,2234,2226,2238,1.504909034355328
166,34,12737.681108662728,0.4573852430023173,2423,2435,2402,2414,12737.681108662728,0.4573852430023173,2398,2410,2402,2414,1.504909034355328
167,34,12740.787830931855,0.4533186861488403,2499,2509,2477,2489,12740.829066453283,0.37089711394155955,2474,2484,2478,2488,2.178327121132178
168,34,12744.397576070294,0.4485100211737425,2586,2598,2565,2577,12744.397576070294,0.4485100211737425,2560,2572,2565,2577,1.504909034355328
169,34,12747.645669303365,0.6054465789651076,2666,2682,2645,2661,12747.645669303365,0.6054465789651076,2640,2656,2645,2661,1.504909034355328
170,34,12748.533270545715,0.5233473496768504,2691,2699,2667,2681,12748.654118513898,0.28180243439202,2665,2673,2670,2678,2.4392538963826627
171,34,12749.86010515837,0.521184660704499,2721,2735,2700,2714,12749.86010515837,0.521184660704499,2695,2709,2700,2714,1.504909034355328
172,34,12751.660567080728,0.43855441391738026,2767,2777,2745,2757,12751.660567080728,0.43855441391738026,2741,2751,2746,2756,1.504909034355328
173,34,12752.457482505408,0.6757826644032683,2786,2804,2765,2783,12752.457482505408,0.6757826644032683,2786,2804,2765,2783,1.504909034355328
174,34,12759.654605182062,0.42714568174950784,2969,2981,2948,2960,12759.654605182062,0.42714568174950784,2942,2954,2948,2960,1.504909034355328
175,34,12760.77937161668,0.2708456737754439,2998,3006,2977,2985,12760.77937161668,0.2708456737754439,2998,3006,2977,2985,1.504909034355328
176,34,12762.708429854594,0.4226572387500127,3048,3060,3027,3039,12762.708429854594,0.4226572387500127,3021,3033,3027,3039,1.504909034355328
177,34,12763.744741777942,1.0325297786906162,3075,3103,3054,3082,12763.744741777942,1.0325297786906162,3048,3076,3054,3082,1.8189827286305584
178,34,12771.004574880042,0.4100825231501126,3267,3279,3246,3258,12771.004574880042,0.4100825231501126,3239,3251,3246,3258,2.5012102275884294
179,34,12774.083096202656,0.4052690390676794,3350,3362,3329,3341,12774.083096202656,0.4052690390676794,3322,3334,3329,3341,1.504909034355328
180,34,12776.76063078343,0.6922589641100707,3423,3443,3402,3422,12776.76063078343,0.6922589641100707,3423,3443,3402,3422,1.504909034355328
181,34,12782.1735200075,0.7126415007885356,3573,3594,3552,3573,12782.1735200075,0.7126415007885356,3544,3565,3552,3573,1.504909034355328
182,34,12783.844827605464,0.4601853245378429,3620,3634,3599,3613,12783.844827605464,0.4601853245378429,3591,3605,3599,3613,1.504909034355328
183,34,12785.715274125345,0.3161231475234949,3673,3683,3652,3662,12785.715274125345,0.3161231475234949,3643,3653,3652,3662,1.504909034355328
184,35,12744.455678035922,0.46235883162548674,169,179,147,157,12744.455678035922,0.46235883162548674,169,179,147,157,1.504909034355328
185,35,12748.454175728244,0.5623085179595755,247,259,225,237,12748.454175728244,0.5623085179595755,247,259,225,237,1.504909034355328
186,35,12752.432848649994,0.6103086714115413,325,338,303,316,12752.432848649994,0.6103086714115413,325,338,303,316,1.504909034355328
187,35,12759.623392059457,0.4533892639280168,467,477,445,455,12759.623392059457,0.4533892639280168,467,477,445,455,1.504909034355328
188,35,12763.743683273337,1.4514247699404237,549,579,527,557,12763.743683273337,1.4514247699404237,549,579,527,557,1.504909034355328
189,35,12771.019672671571,0.4459441177995238,695,705,673,683,12771.019672671571,0.4459441177995238,673,683,673,683,1.504909034355328
190,35,12774.036218996458,0.44387360902398143,757,765,734,744,12774.036218996458,0.44387360902398143,735,743,735,743,1.504909034355328
191,35,12776.793076722985,0.5401126143111945,812,824,790,802,12776.793076722985,0.5401126143111945,812,824,790,802,1.504909034355328
192,35,12782.124352697736,0.8272858472291311,921,939,899,917,12782.124352697736,0.8272858472291311,899,917,899,917,1.5506373125236619
193,35,12783.826340294747,0.5339059177078553,956,968,934,946,12783.826340294747,0.5339059177078553,934,946,934,946,1.504909034355328
194,35,12785.571872916478,0.6290567057498642,994,1004,970,984,12785.571872916478,0.6290567057498642,972,982,972,982,1.504909034355328
195,35,12794.55449274282,0.5239084914521186,1181,1189,1157,1169,12794.55449274282,0.5239084914521186,1159,1167,1159,1167,1.504909034355328
196,35,12797.500821078778,0.5210504611796729,1243,1251,1219,1231,12797.500821078778,0.5210504611796729,1220,1228,1221,1229,1.504909034355328
197,35,12801.32564390756,0.4232574766671604,1322,1332,1300,1310,12801.32564390756,0.4232574766671604,1299,1309,1300,1310,1.7642206296686624
198,35,12803.953602859896,0.5146208101303174,1378,1390,1356,1368,12803.953602859896,0.5146208101303174,1355,1367,1356,1368,1.504909034355328
199,35,12806.70771004145,0.511804989173914,1437,1449,1415,1427,12806.70771004145,0.511804989173914,1414,1426,1415,1427,1.4887087699799688
200,35,12809.724336032028,0.5086712751456446,1502,1514,1480,1492,12809.724336032028,0.5086712751456446,1479,1491,1480,1492,1.504909034355328
201,35,12819.206306124965,0.40788865426799603,1709,1719,1687,1697,12819.206306124965,0.40788865426799603,1686,1696,1687,1697,1.504909034355328
202,35,12824.435198141751,0.4926363204726947,1825,1837,1803,1815,12824.435198141751,0.4926363204726947,1801,1813,1803,1815,1.504909034355328
203,35,12834.312134058022,0.4811499262968866,2048,2060,2026,2038,12834.312134058022,0.4811499262968866,2024,2036,2026,2038,1.6793574887604967
204,35,12845.274416610706,0.5526645917908191,2302,2316,2280,2294,12845.274416610706,0.5526645917908191,2277,2291,2280,2294,1.504909034355328
205,35,12866.40652364394,0.4394989398681659,2814,2826,2792,2804,12866.40652364394,0.4394989398681659,2788,2800,2792,2804,2.209070987317521
206,35,12887.834432015921,0.40752674693056434,3370,3382,3348,3360,12887.834432015921,0.40752674693056434,3370,3382,3348,3360,1.504909034355328
207,35,12903.489947862958,0.312334359275912,3806,3816,3784,3794,12903.489947862958,0.312334359275912,3776,3786,3784,3794,1.504909034355328
208,35,12905.391764112837,0.5844960579226566,3861,3879,3839,3857,12905.391764112837,0.5844960579226566,3831,3849,3839,3857,1.5106213201430305
209,36,12866.346028455544,0.5640762680214628,327,335,303,315,12866.346028455544,0.5640762680214628,306,314,305,313,1.504909034355328
210,36,12887.77853800158,0.4477522494705788,749,759,727,737,12887.77853800158,0.4477522494705788,749,759,727,737,1.504909034355328
211,36,12903.115265010494,0.7274956691549761,1064,1077,1039,1055,12903.115265010494,0.7274956691549761,1042,1055,1042,1055,1.504909034355328
212,36,12905.391655285588,0.62802933888495,1108,1122,1086,1100,12905.391655285588,0.62802933888495,1086,1100,1086,1100,1.4807357472313538
213,36,12915.165125490223,0.6168248718529945,1312,1326,1290,1304,12915.165125490223,0.6168248718529945,1289,1303,1290,1304,1.504909034355328
214,36,12920.737166604446,0.8446344631973801,1430,1449,1408,1427,12920.737166604446,0.8446344631973801,1407,1426,1408,1427,1.5056432588388073
215,36,12942.493160051712,0.4926185349707346,1904,1916,1882,1894,12942.493160051712,0.4926185349707346,1880,1892,1882,1894,1.504909034355328
216,36,12943.388407008964,0.4022471635356517,1924,1934,1902,1912,12943.388407008964,0.4022471635356517,1900,1910,1902,1912,1.504909034355328
217,36,12971.101147724094,0.45708975578095945,2566,2578,2544,2556,12971.101147724094,0.45708975578095945,2566,2578,2544,2556,1.504909034355328
218,36,12972.76036325405,0.28953108387685944,2606,2614,2584,2592,12972.76036325405,0.28953108387685944,2606,2614,2584,2592,1.504909034355328
219,36,12985.223217752513,0.9141470182960632,2913,2937,2891,2915,12985.223217752513,0.9141470182960632,2886,2910,2891,2915,1.73550350245454
220,36,13019.948931160785,3.386678711345681,3843,3942,3821,3920,13019.948931160785,3.386678711345681,3843,3942,3821,3920,1.504909034355328
221,37,13012.891443694787,0.34618647496209576,929,937,907,915,13012.891443694787,0.34618647496209576,929,937,907,915,1.504909034355328
222,37,13020.998470804218,0.9263308020979188,1094,1114,1072,1092,13020.998470804218,0.9263308020979188,1072,1092,1072,1092,1.4631744234367412
223,37,13052.350689154191,0.77917551528639,1756,1774,1734,1752,13052.350689154191,0.77917551528639,1732,1750,1734,1752,1.4552032770283523
224,37,13085.198446216784,0.4645351046228541,2501,2513,2479,2491,13085.198446216784,0.4645351046228541,2476,2488,2479,2491,1.4103359400070499
225,37,13127.586855555463,0.4754064326562002,3575,3589,3553,3567,13127.586855555463,0.4754064326562002,3546,3560,3553,3567,1.2994061948778723
226,38,13085.4401625781,0.10617848625438242,41,44,19,22,13085.4401625781,0.10617848625438242,20,23,19,22,1.504909034355328
227,38,13127.57071927017,0.45141619015254264,856,866,834,844,13127.57071927017,0.45141619015254264,834,844,834,844,1.4186177491254757
228,38,13156.211178505968,1.0482108528742096,1441,1464,1419,1442,13156.211178505968,1.0482108528742096,1418,1441,1419,1442,1.7103554356720803
229,38,13210.425830770022,0.7942773530245084,2650,2670,2628,2648,13210.425830770022,0.7942773530245084,2624,2644,2628,2648,1.2858748006950427
230,38,13222.264314787684,1.1680176922101992,2938,2968,2916,2946,13222.264314787684,1.1680176922101992,2938,2968,2916,2946,1.504909034355328
231,38,13235.869972194447,0.5002159957245844,3283,3297,3261,3275,13235.869972194447,0.5002159957245844,3255,3269,3261,3275,1.4702306103636333
232,38,13236.754348983615,0.4219529965077129,3306,3318,3284,3296,13236.754348983615,0.4219529965077129,3278,3290,3284,3296,1.1996936592014553
233,39,13210.363904059315,0.7984703224894751,131,147,109,125,13210.363904059315,0.7984703224894751,110,126,109,125,1.504909034355328
234,39,13235.838358623658,0.46364548667021666,617,627,595,605,13235.838358623658,0.46364548667021666,595,605,595,605,1.7166625226183108
235,39,13236.662403661938,0.5659636442056915,633,645,611,623,13236.662403661938,0.5659636442056915,611,623,611,623,1.504909034355328
236,39,13263.974147416975,0.4432179938795855,1175,1185,1153,1163,13263.974147416975,0.4432179938795855,1175,1185,1153,1163,1.504909034355328
237,39,13301.72031788132,0.592681003614981,1970,1984,1948,1962,13301.72031788132,0.592681003614981,1946,1960,1948,1962,1.504909034355328
238,39,13323.958538947625,0.38797313387739507,2471,2481,2449,2459,13323.958538947625,0.38797313387739507,2446,2456,2449,2459,1.2343836865957443
239,39,13324.949203942924,0.5587455194722146,2494,2508,2472,2486,13324.949203942924,0.5587455194722146,2494,2508,2472,2486,1.504909034355328
240,40,13400.60064660243,0.6292376578320713,1456,1470,1434,1448,13400.60064660243,0.6292376578320713,1433,1447,1434,1448,1.504909034355328
241,40,13422.063716677047,0.41655072489321654,1909,1919,1887,1897,13422.063716677047,0.41655072489321654,1885,1895,1887,1897,1.504909034355328
242,41,13527.851205765955,0.7293179686684859,1497,1513,1475,1491,13527.851205765955,0.7293179686684859,1497,1513,1475,1491,1.504909034355328
243,43,14102.767588768467,0.40581142046969276,2533,2543,2511,2521,14102.767588768467,0.40581142046969276,2533,2543,2511,2521,1.504909034355328
244,43,14133.341149687501,1.6032202444726806,3241,3281,3219,3259,14133.341149687501,1.6032202444726806,3241,3281,3219,3259,1.504909034355328
245,43,14162.795539678262,0.3317250185519427,3995,4005,3973,3983,14162.795539678262,0.3317250185519427,3995,4005,3973,3983,1.504909034355328
246,44,14162.43863570575,1.4919059670792656,948,977,926,955,14162.43863570575,1.4919059670792656,926,955,926,955,1.504909034355328
247,44,14265.421797064871,1.6939771383772673,3088,3129,3066,3107,14265.421797064871,1.6939771383772673,3061,3102,3066,3107,1.504909034355328
248,44,14292.050962558089,0.6570955816198598,3747,3759,3722,3740,14292.050962558089,0.6570955816198598,3717,3729,3725,3737,1.504909034355328
249,45,14292.065434691518,0.4918725656577472,752,762,730,740,14292.065434691518,0.4918725656577472,730,740,730,740,1.504909034355328
250,45,14293.212601424206,0.6001470427641209,773,785,751,763,14293.212601424206,0.6001470427641209,751,763,751,763,1.504909034355328
251,45,14342.018423164829,0.5526251682530514,1703,1715,1681,1693,14342.018423164829,0.5526251682530514,1679,1691,1681,1693,1.504909034355328
252,45,14355.993216651741,0.5369057158710611,1985,1997,1963,1975,14356.042052014409,0.4392865033953086,1962,1972,1963,1975,1.504909034355328
253,45,14356.822717203378,0.5359415171901638,2002,2014,1980,1992,14356.822717203378,0.5359415171901638,1978,1990,1980,1992,1.6771556115773092
254,45,14373.283910709148,0.4222774350570724,2346,2356,2324,2334,14373.283910709148,0.4222774350570724,2346,2356,2324,2334,1.504909034355328
255,45,14402.343812053226,0.5639129293788514,2989,3003,2967,2981,14402.343812053226,0.5639129293788514,2962,2976,2967,2981,1.504909034355328
256,46,14518.55386795692,0.9899537198054809,2379,2401,2357,2379,14518.55386795692,0.9899537198054809,2354,2376,2357,2379,2.023107312949206
257,46,14525.340484668186,0.41746343832471666,2524,2534,2502,2512,14525.340484668186,0.41746343832471666,2498,2508,2502,2512,1.504909034355328
258,46,14563.724252240052,0.5386953756825186,3397,3411,3375,3389,14563.724252240052,0.5386953756825186,3369,3383,3375,3389,1.7887379363173583
259,47,14563.66048608942,0.6262320008421085,446,458,424,436,14563.66048608942,0.6262320008421085,424,436,424,436,1.757893642875557
260,47,14604.207813204635,1.1813938462279516,1178,1201,1156,1179,14604.207813204635,1.1813938462279516,1155,1178,1156,1179,2.3354831224072794
261,47,14664.655651786805,0.8100190331550294,2368,2386,2346,2364,14664.655651786805,0.8100190331550294,2343,2361,2346,2364,2.3684868691518983
262,47,14697.688759718681,0.5669070777392093,3091,3105,3069,3083,14697.732402462274,0.4796906123627487,3065,3077,3069,3083,1.504909034355328
263,47,14698.560521710313,0.5654106484920263,3111,3125,3089,3103,14698.560521710313,0.5654106484920263,3084,3098,3089,3103,2.037666209651112
264,47,14701.593535738444,1.291197306618752,3181,3212,3159,3190,14701.593535738444,1.291197306618752,3181,3212,3159,3190,1.504909034355328
265,48,14697.726504160115,0.526074297357848,194,204,172,182,14697.726504160115,0.526074297357848,173,183,172,182,1.504909034355328
266,48,14698.486290461176,0.6423937684951753,207,219,185,197,14698.486290461176,0.6423937684951753,186,197,185,197,1.504909034355328
267,48,14739.495913103967,1.1072794329969327,929,947,905,926,14739.495913103967,1.1072794329969327,907,925,907,925,1.504909034355328
268,48,14755.262838490486,1.0265084208005426,1215,1235,1193,1213,14755.262838490486,1.0265084208005426,1215,1235,1193,1213,1.504909034355328
269,48,14772.003012579826,0.7875593494355293,1529,1545,1507,1523,14772.003012579826,0.7875593494355293,1506,1522,1507,1523,1.589320912615078
270,48,14783.183054320098,0.9766989004811322,1744,1764,1722,1742,14783.183054320098,0.9766989004811322,1720,1740,1722,1742,1.6073934848699463
271,48,14798.984029089841,0.5477501618522673,2056,2068,2034,2046,14798.984029089841,0.5477501618522673,2032,2044,2034,2046,1.4584369245851168
272,48,14800.128590826145,0.5464035927893462,2079,2091,2057,2069,14800.128590826145,0.5464035927893462,2054,2066,2057,2069,1.9510838930785968
273,48,14805.367011344651,0.8345123305453228,2185,2203,2163,2181,14805.367011344651,0.8345123305453228,2185,2203,2163,2181,1.504909034355328
274,48,14832.621569234409,0.8265137159924052,2758,2777,2736,2755,14832.621569234409,0.8265137159924052,2732,2751,2736,2755,1.6533751318667678
275,48,14864.102091421102,0.5430555777863333,3475,3489,3453,3467,14864.102091421102,0.5430555777863333,3446,3460,3453,3467,1.8417346113546376
276,48,14886.887586851844,1.1876346854533537,4043,4075,4021,4053,14886.887586851844,1.1876346854533537,4043,4075,4021,4053,1.504909034355328
277,49,14864.080084153025,0.5219801724898332,446,456,424,434,14864.080084153025,0.5219801724898332,424,434,424,434,2.033534850005799
278,49,14885.482023074623,2.590113136851091,823,867,798,845,14885.651232872075,2.420903339399594,801,845,801,845,1.6170024096227291
279,49,14908.006268503254,0.4905216590889161,1226,1236,1204,1214,14908.006268503254,0.4905216590889161,1203,1213,1204,1214,1.504909034355328
280,49,14909.47666253802,0.48934960472424294,1253,1263,1231,1241,14909.47666253802,0.48934960472424294,1230,1240,1231,1241,1.504909034355328
281,49,14926.57857607131,1.4241853431129492,1572,1600,1550,1578,14926.57857607131,1.4241853431129492,1572,1600,1550,1578,1.504909034355328
282,49,14931.468497484046,0.7845637462611244,1665,1681,1643,1659,14931.468497484046,0.7845637462611244,1641,1657,1643,1659,1.577495866699524
283,49,15024.861048676357,0.4520411792463541,3657,3669,3635,3647,15024.861048676357,0.4520411792463541,3628,3640,3635,3647,1.504909034355328
284,50,15052.277400773437,1.1747216902113777,1027,1049,1005,1027,15052.277400773437,1.1747216902113777,1004,1026,1005,1027,1.5565705330743844
285,50,15054.959425287709,1.0586272554302667,1075,1095,1053,1073,15054.959425287709,1.0586272554302667,1052,1072,1053,1073,1.5110854344833329
286,50,15063.159966946667,0.4952804956248613,1223,1233,1201,1211,15063.159966946667,0.4952804956248613,1200,1210,1201,1211,1.504909034355328
287,50,15064.315009345855,0.49436163669591693,1244,1254,1222,1232,15064.315009345855,0.49436163669591693,1221,1231,1222,1232,1.504909034355328
288,50,15068.258819305656,0.6002872637766998,1316,1328,1294,1306,15068.258819305656,0.6002872637766998,1293,1305,1294,1306,1.5531422564058348
289,50,15069.077245040244,0.4905229901064345,1331,1341,1309,1319,15069.077245040244,0.4905229901064345,1308,1318,1309,1319,1.5866865504791086
290,50,15081.37928145122,0.5868906789041617,1560,1571,1537,1549,15081.37928145122,0.5868906789041617,1536,1547,1538,1549,1.504909034355328
291,50,15087.061835697155,0.580850237461572,1666,1678,1644,1656,15087.061835697155,0.580850237461572,1642,1654,1644,1656,1.5200337332669573
292,50,15088.855168185304,0.5789135858158545,1700,1712,1678,1690,15088.855168185304,0.5789135858158545,1676,1688,1678,1690,1.6064311870677574
293,50,15111.815347659896,0.5527919697345673,2148,2156,2124,2136,15111.915904357518,0.3517767194249899,2123,2131,2126,2134,1.5812021826182971
294,50,15115.02232653795,0.5489412661274784,2210,2222,2188,2200,15115.02232653795,0.5489412661274784,2185,2197,2188,2200,1.504909034355328
295,50,15143.884326843596,0.604872178153748,2808,2822,2786,2800,15143.884326843596,0.604872178153748,2808,2822,2786,2800,1.504909034355328
296,50,15147.545016041628,0.8750253694578269,2893,2901,2865,2885,15147.545016041628,0.8750253694578269,2866,2874,2871,2879,1.504909034355328
297,50,15186.363388636342,1.3020433419663746,3780,3813,3758,3791,15186.363388636342,1.3020433419663746,3780,3813,3758,3791,1.504909034355328
298,51,15184.215646101207,5.723111749840193,566,665,544,643,15184.215646101207,5.723111749840193,566,665,544,643,1.504909034355328
299,51,15240.357216098857,1.9897333371687864,1563,1587,1541,1579,15240.357216098857,1.2376911684741643,1539,1563,1541,1565,1.607137658175534
300,51,15282.449101963113,0.44512595002377253,2377,2387,2355,2365,15282.449101963113,0.44512595002377253,2377,2387,2355,2365,1.504909034355328
301,51,15287.516045259445,0.5375864418466492,2480,2492,2458,2470,15287.516045259445,0.5375864418466492,2454,2466,2458,2470,1.5211092340215413
302,51,15310.604841756738,0.8747592577740271,2966,2986,2944,2964,15310.604841756738,0.8747592577740271,2966,2986,2944,2964,1.504909034355328
303,51,15331.78730984333,1.1660406032176773,3440,3468,3418,3446,15331.78730984333,1.1660406032176773,3411,3439,3418,3446,1.522381136281374
304,52,15331.73250560403,1.2627783464957965,330,352,308,330,15331.73250560403,1.2627783464957965,308,330,308,330,1.5648778288459775
305,52,15376.488342015162,0.39706032429531746,1097,1101,1073,1081,15376.488342015162,0.39706032429531746,1074,1078,1075,1079,1.504909034355328
306,52,15391.684528906844,0.7197688655691259,1366,1380,1344,1358,15391.684528906844,0.7197688655691259,1343,1357,1344,1358,1.504909034355328
307,52,15394.889194965343,0.826011700292284,1424,1440,1402,1418,15394.889194965343,0.826011700292284,1401,1417,1402,1418,1.4405498820949099
308,52,15415.774150619827,1.1137110572634334,1810,1832,1788,1810,15415.774150619827,1.1137110572634334,1810,1832,1788,1810,1.504909034355328
309,52,15426.232402910595,0.6757211947761022,2014,2018,1987,2001,15426.232402910595,0.6757211947761022,1990,1994,1992,1996,1.504909034355328
310,52,15429.446749989385,0.5680828672227634,2071,2083,2049,2061,15429.446749989385,0.5680828672227634,2071,2083,2049,2061,1.504909034355328
311,52,15431.406391773062,0.5657780625956121,2109,2121,2087,2099,15431.406391773062,0.5657780625956121,2084,2096,2087,2099,1.4656520479155282
312,52,15432.331862240339,0.5646832561123638,2127,2139,2105,2117,15432.331862240339,0.5646832561123638,2102,2114,2105,2117,1.5446902274681
313,52,15438.354307808151,0.8612413126174445,2245,2263,2223,2241,15438.354307808151,0.8612413126174445,2245,2263,2223,2241,1.504909034355328
314,52,15461.560877473046,1.1030317275539936,2715,2736,2693,2717,15461.560877473046,1.1030317275539936,2689,2710,2693,2714,1.504909034355328
315,52,15467.802035164505,0.5194907824468409,2846,2858,2824,2836,15467.802035164505,0.5194907824468409,2846,2858,2824,2836,1.504909034355328
316,52,15473.709859514009,0.9291172373004919,2981,2993,2950,2971,15473.709859514009,0.9291172373004919,2954,2966,2959,2971,1.504909034355328
317,52,15487.842873838674,0.49089076924913044,3284,3292,3260,3272,15487.842873838674,0.49089076924913044,3256,3264,3262,3270,1.504909034355328
318,52,15488.556654998354,0.48982667824715165,3298,3310,3276,3288,15488.556654998354,0.48982667824715165,3270,3282,3276,3288,1.504909034355328
319,52,15500.238383122733,1.1570583752495978,3567,3593,3543,3571,15500.324244520463,1.0711969775201169,3538,3564,3545,3571,1.4433188927991225
320,52,15509.285986765237,0.9555779742087545,3780,3803,3757,3781,15509.327601761604,0.9139629778420755,3750,3773,3758,3781,1.5630039974031242
321,52,15517.5258161473,0.363065025730247,3980,3990,3958,3968,15517.5258161473,0.363065025730247,3954,3954,3958,3968,1.504909034355328
322,53,15500.249158062104,1.1490318918028208,389,409,367,387,15500.249158062104,1.1490318918028208,367,387,367,387,1.5276287033351765
323,53,15509.158677290758,1.0771226477257478,538,556,515,534,15509.21855467096,1.0172452675227817,516,534,516,534,1.6269497198931426
324,53,15531.70441685965,0.639230966257287,919,931,897,909,15531.70441685965,0.639230966257287,919,931,897,909,1.504909034355328
325,53,15539.3945481714,0.5173088867627129,1052,1062,1030,1040,15539.3945481714,0.5173088867627129,1029,1039,1030,1040,1.373993247346505
326,53,15540.600990296782,0.6310899843109397,1073,1085,1051,1063,15540.600990296782,0.6310899843109397,1050,1062,1051,1063,1.3868540200317958
327,53,15545.633133794172,0.9677293761134464,1161,1179,1139,1157,15545.633133794172,0.9677293761134464,1138,1156,1139,1157,1.553922365929053
328,53,15569.66254235391,0.9304141930566168,1591,1609,1569,1587,15569.66254235391,0.9304141930566168,1567,1585,1569,1587,1.3786900391218784
329,53,15580.67273167379,0.4830406993705516,1795,1803,1772,1782,15580.67273167379,0.4830406993705516,1771,1779,1773,1781,1.504909034355328
330,53,15597.160670511634,0.8829740906857175,2106,2124,2084,2102,15597.160670511634,0.8829740906857175,2081,2099,2084,2102,1.4794244181976237
331,53,15612.202038508356,0.7542718737951759,2400,2416,2378,2394,15612.202038508356,0.7542718737951759,2375,2391,2378,2394,1.504909034355328
332,53,15630.668579187446,1.2018994466855837,2775,2801,2753,2779,15630.668579187446,1.2018994466855837,2749,2775,2753,2779,1.4677265726365547
333,53,15654.494598608204,1.125242304611529,3286,3312,3264,3290,15654.494598608204,1.125242304611529,3258,3284,3264,3290,1.573371679899615
334,53,15655.844431998748,0.5832227365831777,3316,3330,3294,3308,15655.844431998748,0.5832227365831777,3288,3302,3294,3308,1.3986210641995973
335,53,15657.501661624454,0.5802833541967978,3353,3367,3331,3345,15657.501661624454,0.5802833541967978,3325,3339,3331,3345,1.2991899493155505
336,54,15653.153180970483,3.2888810642517363,143,189,113,167,15653.650338567933,2.7917234668017876,121,167,121,167,1.301741425150615
337,54,15657.061334341799,0.928146259939755,201,214,176,192,15657.061334341799,0.928146259939755,179,192,179,192,1.504909034355328
338,54,15701.513040538073,1.405795910436325,940,960,913,938,15701.806142697085,1.1126937514238655,917,937,918,938,1.4328938692038347
339,54,15737.466379773701,0.9419547688893637,1565,1583,1543,1561,15737.466379773701,0.9419547688893637,1565,1583,1543,1561,1.504909034355328
340,54,15738.906397638022,0.8291514199720851,1591,1607,1569,1585,15738.906397638022,0.8291514199720851,1591,1607,1569,1585,1.504909034355328
341,54,15746.10715698994,0.9277078255998106,1722,1740,1700,1718,15746.10715698994,0.9277078255998106,1722,1740,1700,1718,1.504909034355328
342,54,15751.21726472148,0.9190474381970404,1821,1834,1794,1812,15751.21726472148,0.9190474381970404,1797,1810,1799,1812,1.504909034355328
343,54,15759.27186340713,1.808468713040412,1974,2001,1944,1979,15759.27186340713,1.808468713040412,1950,1977,1952,1979,1.504909034355328
344,54,15764.941498072778,0.9474933872133384,2073,2092,2051,2070,15764.941498072778,0.9474933872133384,2048,2067,2051,2070,1.504909034355328
345,54,15767.254385221002,0.5765232727927838,2117,2129,2095,2107,15767.254385221002,0.5765232727927838,2092,2104,2095,2107,1.504909034355328
346,54,15773.817291358087,1.0850651902738484,2253,2263,2221,2243,15773.817291358087,1.0850651902738484,2228,2238,2231,2241,1.504909034355328
347,54,15779.064017074654,0.7154884686189078,2350,2360,2323,2338,15779.064017074654,0.7154884686189078,2325,2335,2328,2338,1.504909034355328
348,54,15780.544849854468,0.8658243080494898,2379,2392,2352,2370,15780.799676873738,0.6109972887791137,2354,2367,2357,2370,1.3174787567983348
349,54,15782.427157692186,0.9128602024177646,2417,2430,2389,2408,15782.731652472457,0.6083654221455959,2392,2405,2395,2408,1.5126376053642774
350,54,15792.761806338649,1.0396025443126788,2617,2639,2595,2617,15792.761806338649,1.0396025443126788,2617,2639,2595,2617,1.504909034355328
351,54,15806.312791734017,2.2931037380358177,2895,2944,2873,2922,15806.312791734017,2.2931037380358177,2895,2944,2873,2922,1.504909034355328
352,54,15829.334574681137,1.612310159804231,3399,3428,3369,3406,15829.693558105924,1.253326735017879,3371,3400,3377,3406,1.5482254457926754
353,54,15832.150855298643,1.5982654153745557,3462,3491,3432,3469,15832.506719993564,1.2424007204536736,3433,3462,3440,3469,1.5254857640541757
354,54,15841.230743472446,0.992363056502299,3665,3685,3639,3663,15841.230743472446,0.992363056502299,3636,3656,3643,3663,1.504909034355328
355,54,15842.395352978296,0.9884695583783909,3688,3712,3666,3690,15842.395352978296,0.9884695583783909,3659,3682,3666,3690,1.504909034355328
356,54,15847.050388921989,1.6895090080826236,3803,3838,3775,3816,15847.304458563578,1.435439366492819,3773,3808,3781,3816,1.5108949809782926
357,55,15829.523280732514,1.4988581578889715,204,228,181,206,15829.585780487963,1.4363584024401632,182,206,182,206,1.5687029348989678
358,55,15832.580917354862,1.4317791941698133,252,276,230,254,15832.580917354862,1.4317791941698133,230,254,230,254,1.4644766672472915
359,55,15841.631670750314,0.6782161172069756,398,410,376,388,15841.631670750314,0.6782161172069756,376,388,376,388,1.504909034355328
360,55,15842.679602011347,0.6774051526781122,415,427,393,405,15842.679602011347,0.6774051526781122,393,405,393,405,1.504909034355328
361,55,15847.28778552199,1.4693909536256378,490,515,468,493,15847.28778552199,1.4693909536256378,468,493,468,493,1.442950940633765
362,55,15861.563884834679,0.5417189607892503,725,735,703,713,15861.563884834679,0.5417189607892503,725,735,703,713,1.504909034355328
363,55,15868.039463873474,0.6564610183024122,833,845,811,823,15868.039463873474,0.6564610183024122,811,823,811,823,1.350119045228404
364,55,15869.888014392764,0.654835295765821,864,876,842,854,15869.888014392764,0.654835295765821,842,854,842,854,1.3685686461921327
365,55,15872.207087133691,0.6527766811226243,903,915,881,893,15872.207087133691,0.6527766811226243,903,915,881,893,1.504909034355328
366,55,15882.054087348117,0.7607880173932102,1070,1084,1048,1062,15882.054087348117,0.7607880173932102,1070,1084,1048,1062,1.504909034355328
367,55,15895.331545578869,0.6310787284258268,1299,1311,1277,1289,15895.331545578869,0.6310787284258268,1276,1288,1277,1289,1.504909034355328
368,55,15897.508995481958,0.5146213897200269,1337,1347,1315,1325,15897.508995481958,0.5146213897200269,1314,1324,1315,1325,1.504909034355328
369,55,15898.537819519714,0.627900451584118,1355,1367,1333,1345,15898.537819519714,0.627900451584118,1332,1344,1333,1345,1.504909034355328
370,55,15901.671038761702,0.8517806733832067,1414,1422,1388,1404,15901.671038761702,0.8517806733832067,1391,1399,1392,1400,1.504909034355328
371,55,15914.434413373821,0.6115180285926058,1638,1648,1615,1627,15914.434413373821,0.6115180285926058,1614,1624,1616,1626,1.504909034355328
372,55,15916.765793651617,0.6090266745140127,1679,1691,1657,1669,15916.765793651617,0.6090266745140127,1655,1667,1657,1669,1.504909034355328
373,55,15924.577215173413,0.8187127801551064,1827,1831,1799,1815,15924.577215173413,0.8187127801551064,1803,1807,1805,1809,1.504909034355328
374,55,15929.200182284278,0.8116689179082925,1906,1922,1884,1900,15929.200182284278,0.8116689179082925,1906,1922,1884,1900,1.504909034355328
375,55,15934.42682937484,0.5893940621404248,2003,2015,1981,1993,15934.42682937484,0.5893940621404248,1979,1991,1981,1993,1.504909034355328
376,55,15972.035251656427,1.4294900707056968,2737,2759,2711,2741,15972.232721711762,1.03514813543093,2711,2733,2715,2737,1.4440385828587678
377,55,16030.377109987514,0.8268226888152874,4017,4038,3995,4016,16030.377109987514,0.8268226888152874,3986,4007,3995,4016,1.5325333213666075
378,56,16029.67422273065,2.6376054694732254,596,630,569,613,16029.98135617862,2.024209888016326,574,608,574,608,1.5164711450065473
379,56,16056.726067400232,0.7704580436596054,1040,1052,1017,1031,16056.726067400232,0.7704580436596054,1017,1029,1018,1030,1.504909034355328
380,56,16059.566641707375,0.5313239394544311,1088,1096,1065,1075,16059.566641707375,0.5313239394544311,1065,1073,1066,1074,1.504909034355328
381,56,16073.536562066392,0.7514415158649257,1326,1340,1304,1318,16073.536562066392,0.7514415158649257,1303,1317,1304,1318,1.504909034355328
382,56,16079.408739304858,0.6300070359732679,1428,1440,1406,1418,16079.408739304858,0.6300070359732679,1405,1417,1406,1418,1.530893126273873
383,56,16127.977078682321,1.2031108228027776,2313,2337,2291,2315,16127.977078682321,1.2031108228027776,2288,2312,2291,2315,1.5079505915893812
384,56,16159.067835605072,1.2156562396392623,2928,2954,2906,2932,16159.067835605072,1.2156562396392623,2928,2954,2906,2932,1.504909034355328
385,56,16194.201927039649,0.7465189347066747,3686,3704,3664,3682,16194.201927039649,0.7465189347066747,3657,3674,3664,3682,1.367069481477786
386,56,16208.153561855817,0.5439632019133,4011,4025,3989,4003,16208.153561855817,0.5439632019133,4011,4025,3989,4003,1.504909034355328
387,57,16194.070380411458,0.9473876956356264,339,355,317,333,16194.070380411458,0.9473876956356264,317,333,317,333,1.433569189539487
388,57,16229.65395621025,0.6654475165879248,914,926,892,904,16229.65395621025,0.6654475165879248,891,903,892,904,1.504909034355328
389,57,16234.540051315164,0.6610298642506507,995,1007,973,985,16234.540051315164,0.6610298642506507,972,984,973,985,1.468837910419974
390,57,16235.501349457763,0.6601498860581145,1011,1023,989,1001,16235.501349457763,0.6601498860581145,988,1000,989,1001,1.4440067076944505
391,57,16245.043336739225,1.5382468174629516,1171,1197,1149,1176,16245.043336739225,1.5382468174629516,1148,1174,1149,1175,1.504909034355328
392,57,16251.937916739611,1.288464712332349,1300,1311,1266,1289,16251.937916739611,1.288464712332349,1277,1288,1278,1289,1.504909034355328
393,57,16259.050944278335,0.6374696677413638,1410,1422,1388,1400,16259.050944278335,0.6374696677413638,1410,1422,1388,1400,1.504909034355328
394,57,16269.514726991985,1.480201923547142,1592,1617,1570,1597,16269.514726991985,1.480201923547142,1568,1593,1570,1595,1.504909034355328
395,57,16279.069727268252,1.2322404468312342,1761,1784,1739,1762,16279.069727268252,1.2322404468312342,1761,1784,1739,1762,1.504909034355328
396,57,16301.692736446556,1.1806902212829762,2173,2195,2151,2174,16301.692736446556,1.1806902212829762,2148,2170,2151,2173,1.504909034355328
397,57,16303.141373259594,0.8029673095899525,2200,2216,2178,2194,16303.141373259594,0.8029673095899525,2200,2216,2178,2194,1.504909034355328
398,57,16307.143090449412,0.5841545506690693,2275,2287,2253,2265,16307.143090449412,0.5841545506690693,2250,2262,2253,2265,1.504909034355328
399,57,16307.886436833154,0.583251887289471,2289,2301,2267,2279,16307.886436833154,0.583251887289471,2264,2276,2267,2279,1.504909034355328
400,57,16314.995249465375,1.0439936492967483,2424,2445,2402,2423,16314.995249465375,1.0439936492967483,2399,2419,2402,2423,1.504909034355328
401,57,16316.612426844957,1.040308210511487,2455,2476,2433,2454,16316.612426844957,1.040308210511487,2429,2450,2433,2454,1.2915524612560012
402,57,16341.160325009263,1.1284924683119257,2940,2964,2918,2942,16341.160325009263,1.1284924683119257,2913,2937,2918,2942,1.5550128740248652
403,57,16350.384379551206,0.5271506264192816,3130,3142,3108,3120,16350.384379551206,0.5271506264192816,3103,3114,3108,3120,1.5082144707520002
404,57,16351.67694574081,0.5252950720091576,3157,3169,3135,3147,16351.67694574081,0.5252950720091576,3129,3141,3135,3147,1.4081621022141222
405,57,16356.47163819134,0.424143072328409,3259,3267,3236,3246,16356.47163819134,0.424143072328409,3231,3239,3237,3245,1.504909034355328
406,57,16359.99057860984,0.7461161618604883,3333,3349,3311,3328,16359.99057860984,0.7461161618604883,3305,3321,3311,3327,1.504909034355328
407,57,16363.612603957938,0.4154471590833708,3411,3421,3389,3399,16363.612603957938,0.4154471590833708,3383,3393,3389,3399,1.504909034355328
408,57,16364.62723446696,0.5061636044589868,3433,3444,3411,3423,16364.62723446696,0.5061636044589868,3405,3415,3411,3422,1.504909034355328
409,57,16368.609512999848,0.681729569917966,3520,3536,3498,3514,16368.609512999848,0.681729569917966,3520,3536,3498,3514,1.504909034355328
410,57,16387.921589538408,1.1924428072918047,3958,3987,3936,3965,16387.921589538408,1.1924428072918047,3927,3956,3936,3965,1.4963975999587449
411,58,16387.831601575057,1.1361917940022614,491,510,469,488,16387.831601575057,1.1361917940022614,469,488,469,488,1.3579955969846211
412,58,16414.49605088072,0.9161946650126929,920,936,898,914,16414.49605088072,0.9161946650126929,897,913,898,914,1.2398774867726035
413,58,16441.42351655096,1.1749293926577309,1369,1390,1347,1368,16441.42351655096,1.1749293926577309,1346,1367,1347,1368,1.4064507517446363
414,58,16446.92702376755,1.2811789963929066,1463,1486,1441,1464,16446.92702376755,1.2811789963929066,1439,1462,1441,1464,1.0952092730498015
415,58,16454.459426121994,0.7481561132838266,1593,1607,1571,1585,16454.459426121994,0.7481561132838266,1593,1607,1571,1585,1.504909034355328
416,58,16475.329025367904,0.6103041278748833,1962,1974,1940,1952,16475.329025367904,0.6103041278748833,1938,1949,1940,1952,1.5444207806777277
417,58,16476.99185550423,0.6084088691005185,1992,2004,1970,1982,16476.99185550423,0.6084088691005185,1967,1979,1970,1982,1.5082398206117493
418,58,16478.75983779688,0.6063808666834092,2024,2036,2002,2014,16478.75983779688,0.6063808666834092,1999,2011,2002,2014,1.5554173868156516
419,58,16501.67364682863,1.6294589828236283,2449,2481,2427,2459,16501.67364682863,1.6294589828236283,2423,2455,2427,2459,1.4816617397206258
420,58,16527.737963693344,0.4455818053217264,2959,2969,2937,2947,16527.737963693344,0.4455818053217264,2932,2942,2937,2947,1.504909034355328
421,58,16538.677286378494,0.7212715015270099,3185,3197,3161,3177,16538.677286378494,0.7212715015270099,3157,3169,3163,3175,1.504909034355328
422,58,16542.745667771764,0.7131965024287368,3268,3284,3246,3262,16542.745667771764,0.7131965024287368,3240,3256,3246,3262,1.504909034355328
423,58,16553.47762308052,0.96735378549484,3497,3519,3475,3497,16553.47762308052,0.96735378549484,3468,3490,3475,3497,1.4428150209578727
424,59,16553.338902208223,0.9803259518204044,136,152,114,130,16553.338902208223,0.9803259518204044,114,130,114,130,1.383392893229618
425,59,16585.356400434986,0.6943820211824381,634,646,612,624,16585.356400434986,0.6943820211824381,612,624,612,624,1.504909034355328
426,59,16586.429293335575,0.819517360397537,654,662,629,643,16586.429293335575,0.819517360397537,632,640,632,640,1.504909034355328
427,59,16604.94670220916,0.9236089981912166,954,958,926,942,16604.94670220916,0.9236089981912166,931,935,932,936,1.504909034355328
428,59,16609.675781809594,0.5507777804347747,1025,1035,1003,1013,16609.675781809594,0.5507777804347747,1002,1012,1003,1013,1.504909034355328
429,59,16611.693270320477,0.6712532260499948,1058,1070,1036,1048,16611.693270320477,0.6712532260499948,1035,1047,1036,1048,1.504909034355328
430,59,16666.256101152238,0.7825123758964381,1994,2002,1968,1983,16666.256101152238,0.7825123758964381,1969,1977,1972,1980,1.504909034355328
431,59,16688.53455576191,1.282908172854924,2397,2422,2375,2400,16688.53455576191,1.282908172854924,2372,2396,2375,2400,1.3825225575281703
432,59,16691.788465508656,1.1149903282747786,2458,2480,2436,2458,16691.788465508656,1.1149903282747786,2432,2454,2436,2458,1.4268990737888794
433,59,16701.726692882614,0.6755473978015125,2647,2661,2625,2639,16701.726692882614,0.6755473978015125,2621,2635,2625,2639,1.504909034355328
434,59,16702.86931785698,0.6737870515816091,2671,2681,2647,2661,16702.86931785698,0.6737870515816091,2645,2655,2649,2659,1.504909034355328
435,59,16706.690794405407,5.008668928672133,2769,2801,2721,2820,16708.02543670281,1.5858238062671504,2743,2774,2747,2779,1.3888044183365345
436,59,16711.851847588456,0.45681601787528336,2844,2854,2822,2832,16711.851847588456,0.45681601787528336,2844,2854,2822,2832,1.504909034355328
437,59,16717.851042831004,0.5500643156741702,2963,2975,2941,2953,16717.851042831004,0.5500643156741702,2963,2975,2941,2953,1.504909034355328
438,59,16718.600941877856,0.5490264158658498,2978,2990,2956,2968,16718.600941877856,0.5490264158658498,2951,2963,2956,2968,1.504909034355328
439,59,16723.11993841287,1.2323206411957166,3069,3087,3047,3073,16723.11993841287,1.2323206411957166,3042,3060,3047,3065,1.504909034355328
440,59,16725.089750768475,0.6380051826515576,3113,3119,3087,3101,16725.089750768475,0.6380051826515576,3086,3092,3091,3097,1.504909034355328
441,59,16731.228216975596,0.6275736888783356,3235,3249,3213,3227,16731.228216975596,0.6275736888783356,3207,3221,3213,3227,1.5183328753604886
442,59,16732.67483346101,1.0092051293120186,3265,3287,3243,3265,16732.67483346101,1.0092051293120186,3237,3259,3243,3265,1.458430491180701
443,59,16733.971864094918,0.6228303198807517,3292,3306,3270,3284,16733.971864094918,0.6228303198807517,3264,3278,3270,3284,1.504909034355328
444,59,16753.4518374032,0.6779420856295459,3712,3724,3688,3704,16753.4518374032,0.6779420856295459,3682,3694,3690,3702,1.504909034355328
445,59,16755.88554185656,0.6726420611058437,3764,3780,3742,3758,16755.88554185656,0.6726420611058437,3734,3750,3742,3758,1.504909034355328
446,59,16761.445799858233,0.9240535776822156,3891,3909,3867,3889,16761.445799858233,0.9240535776822156,3861,3879,3869,3887,1.504909034355328
447,60,16761.528404859877,0.7150776079289933,374,386,352,364,16761.528404859877,0.7150776079289933,352,364,352,364,1.504909034355328
448,60,16764.903916293486,0.7124656823975783,426,438,404,416,16764.903916293486,0.7124656823975783,426,438,404,416,1.504909034355328
449,60,16804.524743575657,0.8020086119597813,1054,1064,1030,1044,16804.524743575657,0.8020086119597813,1031,1041,1032,1042,1.504909034355328
450,60,16839.83748176983,1.4618854969250528,1639,1665,1617,1643,16839.83748176983,1.4618854969250528,1615,1641,1617,1643,1.528270198279249
451,60,16871.00194461877,0.4980926517195172,2187,2195,2164,2174,16871.00194461877,0.4980926517195172,2162,2170,2165,2173,1.504909034355328
452,60,16876.454293948398,0.7115933572210409,2285,2299,2263,2277,16876.454293948398,0.7115933572210409,2285,2299,2263,2277,1.504909034355328
453,60,16888.839343794396,0.5868614328341515,2514,2526,2492,2504,16888.839343794396,0.5868614328341515,2488,2500,2492,2504,1.504909034355328
454,60,16890.491321230937,0.5847650099788382,2545,2557,2523,2535,16890.491321230937,0.5847650099788382,2545,2557,2523,2535,1.504909034355328
455,60,16899.445055434764,0.7814208078449347,2720,2726,2693,2709,16899.445055434764,0.7814208078449347,2694,2700,2698,2704,1.504909034355328
456,60,16903.1830591769,1.084140831111302,2787,2809,2765,2787,16903.1830591769,1.084140831111302,2761,2783,2765,2787,1.4210134116877458
457,60,16906.991052237096,0.7676928078415024,2862,2876,2839,2855,16906.991052237096,0.7676928078415024,2835,2849,2840,2854,1.504909034355328
458,60,16908.525019541048,0.6629561943327644,2892,2904,2869,2883,16908.525019541048,0.6629561943327644,2865,2877,2870,2882,1.504909034355328
459,60,16909.849864607633,0.6608206234259839,2917,2931,2895,2909,16909.849864607633,0.6608206234259839,2890,2904,2895,2909,1.504909034355328
460,60,16954.601497268362,0.7606729144105095,3852,3870,3830,3848,16954.601497268362,0.7606729144105095,3822,3840,3830,3848,1.5093661373821297
461,61,16954.533116200302,0.9897977776485156,309,325,287,303,16954.533116200302,0.9897977776485156,287,303,287,303,1.4646310125244404
462,61,17008.048944591646,1.2368213639968317,1145,1166,1123,1144,17008.048944591646,1.2368213639968317,1122,1143,1123,1144,1.457775054285995
463,61,17054.360822624185,0.6326924036037518,1920,1932,1898,1910,17054.360822624185,0.6326924036037518,1896,1908,1898,1910,1.504909034355328
464,61,17056.027296701737,1.7759311061738003,1949,1981,1927,1959,17056.027296701737,1.7759311061738003,1949,1981,1927,1959,1.504909034355328
465,61,17070.521968390516,0.5024407362341776,2205,2215,2183,2193,17070.521968390516,0.5024407362341776,2180,2190,2183,2193,1.504909034355328
466,61,17073.862324852544,0.49917317554548646,2265,2275,2243,2253,17073.862324852544,0.49917317554548646,2240,2250,2243,2253,1.504909034355328
467,61,17077.952015434676,0.8249234628587843,2339,2355,2317,2333,17077.952015434676,0.8249234628587843,2314,2330,2317,2333,1.4411500023553503
468,61,17104.594854753785,0.8820390803832012,2837,2855,2815,2833,17104.594854753785,0.8820390803832012,2837,2855,2815,2833,1.504909034355328
469,61,17109.038061551677,0.7701502969825746,2925,2937,2901,2917,17109.038061551677,0.7701502969825746,2898,2910,2903,2915,1.504909034355328
470,61,17114.500298132934,0.8610702830624817,3030,3048,3008,3026,17114.500298132934,0.8610702830624817,3030,3048,3008,3026,1.504909034355328
471,61,17122.82860826081,0.6446862714382107,3196,3210,3174,3188,17122.82860826081,0.6446862714382107,3168,3182,3174,3188,1.4099143798844984
472,61,17123.819978577954,0.6429968013854648,3216,3230,3194,3208,17123.819978577954,0.6429968013854648,3188,3202,3194,3208,1.3760804741551
473,62,17188.859717498162,0.8361375849008645,803,817,781,795,17188.859717498162,0.8361375849008645,780,794,781,795,1.504909034355328
474,62,17196.226334763705,0.44620553607988,918,926,896,904,17196.226334763705,0.44620553607988,918,926,896,904,1.504909034355328
475,62,17209.626063058742,1.501917238326822,1130,1155,1108,1133,17209.626063058742,1.501917238326822,1107,1132,1108,1133,1.4757713337315868
476,62,17215.180076458804,0.8076715502491894,1219,1233,1197,1211,17215.180076458804,0.8076715502491894,1196,1210,1197,1211,1.504909034355328
477,62,17221.245925515417,1.354473826846725,1317,1340,1295,1318,17221.245925515417,1.354473826846725,1317,1340,1295,1318,1.504909034355328
478,62,17229.758601525373,0.6690594052538579,1457,1467,1434,1446,17229.758601525373,0.6690594052538579,1433,1443,1435,1445,1.504909034355328
479,62,17232.127649371654,0.8483363947231481,1495,1510,1473,1488,17232.127649371654,0.8483363947231481,1471,1486,1473,1488,1.504909034355328
480,62,17242.413149555636,1.3111220899797438,1667,1687,1644,1667,17242.413149555636,1.3111220899797438,1643,1663,1645,1665,1.504909034355328
481,62,17243.902844586548,1.0109305707306504,1691,1709,1669,1687,17243.902844586548,1.0109305707306504,1691,1709,1669,1687,1.504909034355328
482,62,17247.58168339918,0.6503654648160051,1753,1765,1731,1743,17247.58168339918,0.6503654648160051,1729,1741,1731,1743,1.4082662554259524
483,62,17248.999753689055,0.648826318236928,1777,1789,1755,1767,17248.999753689055,0.648826318236928,1753,1765,1755,1767,1.4074349418202627
484,62,17256.91352884887,1.3375594094489074,1915,1936,1890,1914,17256.91352884887,1.3375594094489074,1891,1912,1893,1914,1.504909034355328
485,62,17268.26780220693,0.7980393134365826,2116,2118,2087,2102,17268.26780220693,0.7980393134365826,2091,2093,2094,2096,1.504909034355328
486,62,17275.294803332185,0.7312825351757368,2233,2247,2211,2225,17275.294803332185,0.7312825351757368,2208,2222,2211,2225,1.504909034355328
487,62,17282.2834488345,1.1646571963330743,2358,2380,2336,2358,17282.2834488345,1.1646571963330743,2333,2355,2336,2358,1.2023750038300547
488,62,17312.706570982264,0.778558332605872,2924,2940,2902,2918,17312.706570982264,0.778558332605872,2897,2913,2902,2918,1.504909034355328
489,62,17326.547736506014,0.651938734717028,3195,3209,3173,3187,17326.547736506014,0.651938734717028,3195,3209,3173,3187,1.504909034355328
490,62,17330.2936686812,1.1413472600696473,3270,3294,3248,3272,17330.2936686812,1.1413472600696473,3242,3266,3248,3272,1.3283226734103233
491,62,17350.48926603279,1.311148290068509,3690,3717,3666,3695,17350.583094086378,1.2173202364818003,3661,3688,3668,3695,1.174313910572477
492,62,17359.237084141496,1.0480960274850126,3877,3901,3855,3879,17359.237084141496,1.0480960274850126,3847,3871,3855,3879,1.2205699738599902
493,63,17350.305573723024,1.5701736156059631,118,142,96,120,17350.305573723024,1.5701736156059631,96,120,96,120,1.504909034355328
494,63,17359.217338994735,1.0155162074187984,249,265,227,243,17359.217338994735,1.0155162074187984,227,243,227,243,1.400362469984087
495,63,17382.4403765672,0.8587923281577758,596,610,574,588,17382.4403765672,0.8587923281577758,574,588,574,588,1.3374932735591247
496,63,17384.223089630905,0.8570580733024968,623,637,601,615,17384.223089630905,0.8570580733024968,601,615,601,615,1.4440333046619593
497,63,17385.54129336544,1.9078632471924983,643,673,621,651,17385.54129336544,1.9078632471924983,621,651,621,651,1.3024843599782212
498,63,17415.42277779439,0.6977745059866258,1105,1117,1083,1095,17415.42277779439,0.6977745059866258,1082,1094,1083,1095,1.504909034355328
499,63,17426.695578019568,0.6869998741354522,1284,1296,1262,1274,17426.695578019568,0.6869998741354522,1261,1273,1262,1274,1.2967824369333807
500,63,17428.25597034152,0.6854726902805197,1309,1321,1287,1299,17428.25597034152,0.6854726902805197,1286,1298,1287,1299,1.504909034355328
501,63,17449.369098959687,1.146363392003913,1653,1673,1631,1651,17449.369098959687,1.146363392003913,1629,1649,1631,1651,1.3757926325468166
502,63,17500.356957979293,0.6048614821341225,2536,2548,2514,2526,17500.356957979293,0.6048614821341225,2510,2522,2514,2526,1.504909034355328
503,63,17501.401237846003,0.713190483345727,2556,2568,2533,2547,17501.401237846003,0.713190483345727,2530,2542,2534,2546,1.504909034355328
504,63,17505.446614964363,0.9244251911222356,2629,2647,2607,2625,17505.446614964363,0.9244251911222356,2603,2621,2607,2625,1.4150433287797937
505,63,17527.895947636465,0.6715227038256444,3052,3066,3030,3044,17527.895947636465,0.6715227038256444,3025,3039,3030,3044,1.3523615772456954
506,63,17530.164318984574,0.5651063915279586,3096,3108,3074,3086,17530.164318984574,0.5651063915279586,3069,3081,3074,3086,1.4358168806124412
507,63,17536.387252200966,0.4551758875592782,3218,3228,3196,3206,17536.387252200966,0.4551758875592782,3190,3200,3196,3206,1.504909034355328
508,63,17543.357231664493,0.546092109148244,3359,3367,3335,3347,17543.357231664493,0.546092109148244,3331,3339,3337,3345,1.504909034355328
509,64,17611.699800085193,0.5892866177492628,857,865,834,844,17611.699800085193,0.5892866177492628,834,842,835,843,1.504909034355328
510,64,17618.483328452512,0.45452636368681354,960,968,938,946,17618.483328452512,0.45452636368681354,960,968,938,946,1.504909034355328
511,64,17623.33961362407,0.7097140537482005,1035,1047,1013,1025,17623.33961362407,0.7097140537482005,1012,1024,1013,1025,1.504909034355328
512,64,17628.229714774996,0.7051758167953004,1111,1123,1089,1101,17628.229714774996,0.7051758167953004,1088,1100,1089,1101,1.504909034355328
513,64,17649.155192443075,1.3689187125232039,1442,1465,1420,1443,17649.155192443075,1.3689187125232039,1418,1441,1420,1443,1.3112838625317624
514,64,17652.696212664883,1.05247653274132,1499,1517,1477,1495,17652.696212664883,1.05247653274132,1475,1493,1477,1495,1.396045290744229
515,64,17661.31374576924,0.672250496265292,1639,1651,1617,1629,17661.31374576924,0.672250496265292,1615,1627,1617,1629,1.504909034355328
516,64,17663.876697981603,0.6695350379914977,1681,1693,1659,1671,17663.876697981603,0.6695350379914977,1657,1669,1659,1671,1.504909034355328
517,64,17665.093503851083,0.7896582472888269,1701,1715,1679,1693,17665.093503851083,0.7896582472888269,1677,1691,1679,1693,1.504909034355328
518,64,17671.081825962836,1.4429313529684684,1800,1825,1778,1803,17671.081825962836,1.4429313529684684,1776,1801,1778,1803,1.3917022554470784
519,64,17675.937892701586,0.5371315948132782,1881,1891,1859,1869,17675.937892701586,0.5371315948132782,1881,1891,1859,1869,1.504909034355328
520,64,17683.825632951088,0.6475577732478754,2014,2026,1992,2004,17683.825632951088,0.6475577732478754,1989,2001,1992,2004,1.504909034355328
521,64,17686.47005795482,0.6445300587065717,2059,2071,2037,2049,17686.47005795482,0.6445300587065717,2034,2046,2037,2049,1.504909034355328
522,64,17688.751859523785,0.4085650797880369,2098,2106,2076,2084,17688.751859523785,0.4085650797880369,2073,2081,2076,2084,1.504909034355328
523,64,17690.034905640063,0.6404050341535239,2123,2129,2098,2110,17690.034905640063,0.6404050341535239,2098,2104,2101,2107,1.504909034355328
524,64,17697.095686344583,0.7469287355843512,2242,2256,2220,2234,17697.095686344583,0.7469287355843512,2217,2231,2220,2234,1.8786009312981846
525,64,17699.04696494254,0.6297504273189425,2276,2288,2254,2266,17699.04696494254,0.6297504273189425,2251,2263,2254,2266,1.4125470492216148
526,64,17731.364840429873,0.6956691056525521,2859,2873,2837,2851,17731.364840429873,0.6956691056525521,2832,2846,2837,2851,1.504909034355328
527,64,17734.88525241743,0.5839597851342582,2925,2937,2903,2915,17734.88525241743,0.5839597851342582,2898,2910,2903,2915,1.3512870200250127
528,64,17778.197553066955,0.5201480598659991,3787,3799,3765,3777,17778.197553066955,0.5201480598659991,3787,3799,3765,3777,1.504909034355328
529,65,17819.19404653387,0.6029496636950071,706,716,684,694,17819.19404653387,0.6029496636950071,688,688,684,694,1.504909034355328
530,65,17835.12798498617,0.9857369092070023,949,959,924,940,17835.12798498617,0.9857369092070023,926,936,927,937,1.504909034355328
531,65,17853.454422553208,0.9624771308303082,1228,1244,1206,1222,17853.454422553208,0.9624771308303082,1205,1221,1206,1222,1.504909034355328
532,65,17877.378883537134,6.050040870024809,1635,1675,1585,1684,17879.113274020718,2.4080252653813083,1611,1651,1613,1653,1.4391783593319896
533,65,17993.246244670652,1.4036702609598883,3697,3727,3675,3705,17993.246244670652,1.4036702609598883,3667,3697,3675,3705,1.3662003363472048
534,66,18048.086396493556,0.471015590817192,796,804,774,782,18048.086396493556,0.471015590817192,773,781,774,782,1.504909034355328
535,66,18067.44490817963,0.8540058196282452,1087,1101,1065,1079,18067.44490817963,0.8540058196282452,1064,1078,1065,1079,2.2585908778971797
536,66,18117.57266866358,0.7937774435351486,1877,1891,1855,1869,18117.57266866358,0.7937774435351486,1853,1867,1855,1869,1.8977291499662239
537,66,18118.610476399517,0.7924187568986163,1894,1908,1872,1886,18118.610476399517,0.7924187568986163,1870,1884,1872,1886,2.488023556527559
538,67,18463.149776285078,1.186038486473695,3997,4023,3974,4000,18463.149776285078,1.186038486473695,3966,3992,3974,4000,1.504909034355328
539,68,18470.527211105782,0.9330929611883754,221,235,199,213,18470.527211105782,0.9330929611883754,221,235,199,213,1.504909034355328
540,69,18770.620960665678,0.7491614050625373,1074,1086,1051,1063,18770.620960665678,0.7491614050625373,1074,1086,1051,1063,1.504909034355328
541,69,18902.246358701246,0.7595729519893624,3216,3231,3193,3208,18902.246358701246,0.7595729519893624,3216,3231,3193,3208,1.504909034355328
