,Order,Wavelength Start A,Region Size A,Wavelength Start B,Region Size B,Both Fibers,Integrated Flux B
0,0,9802.386,0.299,9802.386,0.299,0,0.000
1,2,9911.357,0.254,9911.357,0.254,0,0.000
2,2,9917.096,0.322,9917.096,0.322,0,0.000
3,2,9944.194,0.296,9944.194,0.296,0,0.000
4,2,9948.951,0.548,9948.951,0.548,0,0.000
5,2,9959.130,0.464,9959.284,0.155,1,101.955
6,3,10015.330,0.426,10015.330,0.426,1,266.170
7,4,10015.354,0.434,10015.354,0.434,0,0.000
8,4,10037.690,0.416,10037.690,0.416,0,0.000
9,4,10063.112,0.462,10063.112,0.462,0,0.000
10,4,10084.963,0.495,10084.963,0.495,1,211.553
11,5,10126.664,0.474,10126.664,0.474,0,0.000
12,5,10174.121,0.338,10174.121,0.338,0,0.000
13,5,10174.705,0.583,10174.705,0.583,0,0.000
14,6,10205.619,0.395,10205.619,0.395,0,0.000
15,6,10211.431,0.318,10211.431,0.318,0,0.000
16,6,10213.544,0.526,10213.544,0.526,1,226.101
17,6,10228.004,1.067,10228.004,1.067,0,0.000
18,7,10287.155,0.458,10287.155,0.458,0,0.000
19,7,10289.122,0.595,10289.122,0.595,1,734.731
20,7,10298.529,0.677,10298.563,0.576,1,244.177
21,8,10399.191,0.335,10399.191,0.335,1,109.499
22,9,10420.872,0.707,10420.872,0.707,1,576.664
23,9,10471.397,0.745,10471.397,0.745,0,0.000
24,10,10453.079,0.535,10453.079,0.535,0,0.000
25,10,10471.428,0.875,10471.428,0.875,0,0.000
26,10,10511.568,0.969,10511.568,0.969,0,0.000
27,10,10527.179,0.306,10527.179,0.306,0,0.000
28,11,10575.014,0.338,10575.014,0.338,0,0.000
29,11,10588.157,0.326,10588.157,0.326,0,0.000
30,11,10588.988,0.253,10588.988,0.253,0,0.000
31,11,10623.370,0.475,10623.370,0.475,1,75.822
32,13,10723.165,0.429,10723.165,0.429,0,0.000
33,13,10731.388,0.725,10731.388,0.725,1,340.283
34,13,10745.946,0.403,10745.946,0.403,1,202.756
35,13,10753.654,0.571,10753.654,0.571,1,469.561
36,13,10774.903,0.363,10774.903,0.363,1,149.106
37,14,10774.813,0.459,10774.813,0.459,0,0.000
38,14,10831.923,0.688,10831.923,0.688,1,144.890
39,14,10833.981,0.539,10833.981,0.539,1,1282.756
40,14,10844.305,0.763,10844.305,0.763,1,478.762
41,14,10846.862,1.132,10846.862,1.132,0,0.000
42,15,10833.924,0.566,10833.924,0.566,0,0.000
43,15,10844.376,0.685,10844.376,0.685,0,0.000
44,15,10926.053,0.803,10926.053,0.803,1,908.591
45,15,10951.127,0.408,10951.127,0.408,1,186.333
46,16,10951.102,0.537,10951.143,0.454,1,295.982
47,16,10974.989,0.664,10974.989,0.664,1,1147.479
48,16,11009.037,0.457,11009.037,0.457,1,339.800
49,16,11029.317,0.873,11029.317,0.873,1,450.348
50,17,11008.965,0.566,11008.965,0.566,1,106.638
51,17,11029.354,0.378,11029.354,0.378,1,197.346
52,17,11029.858,0.378,11029.858,0.378,1,233.814
53,17,11089.471,0.395,11089.471,0.395,1,231.685
54,17,11090.117,0.394,11090.117,0.394,1,194.182
55,18,11140.420,0.759,11140.420,0.759,0,0.000
56,18,11155.329,0.499,11155.329,0.499,0,0.000
57,18,11156.250,0.422,11156.365,0.192,1,75.437
58,18,11179.721,2.618,11179.721,2.618,0,0.000
59,18,11184.512,3.158,11184.512,3.158,0,0.000
60,20,11306.095,0.538,11306.095,0.538,0,0.000
61,20,11323.097,0.516,11323.097,0.516,1,145.546
62,20,11330.802,0.738,11330.802,0.738,0,0.000
63,20,11353.960,0.542,11353.960,0.542,1,273.856
64,20,11393.242,0.638,11393.242,0.638,0,0.000
65,21,11439.653,0.553,11439.653,0.553,1,1310.230
66,21,11451.217,0.742,11451.217,0.742,1,402.333
67,21,11468.605,0.296,11468.605,0.296,0,0.000
68,22,11439.655,0.594,11439.655,0.594,1,213.103
69,22,11451.249,0.718,11451.249,0.718,0,0.000
70,22,11468.411,0.566,11468.411,0.566,0,0.000
71,22,11538.464,1.226,11538.464,0.902,1,955.484
72,22,11564.955,0.582,11564.955,0.582,0,0.000
73,23,11538.389,0.774,11538.435,0.683,1,351.966
74,23,11564.981,0.478,11564.981,0.478,1,106.857
75,23,11591.310,0.696,11591.310,0.696,1,1372.093
76,23,11604.170,1.147,11604.170,1.147,0,0.000
77,23,11616.889,0.724,11616.889,0.724,0,0.000
78,23,11627.649,0.405,11627.649,0.405,1,390.664
79,23,11650.262,0.942,11650.262,0.942,1,515.625
80,24,11627.555,0.508,11627.555,0.508,0,0.000
81,24,11650.272,0.933,11650.272,0.933,1,603.519
82,24,11695.548,1.403,11696.190,0.601,1,339.189
83,24,11715.563,0.416,11715.563,0.416,1,329.224
84,24,11716.281,0.415,11716.394,0.189,1,380.288
85,24,11750.829,0.363,11750.829,0.363,0,0.000
86,25,11715.620,0.329,11715.620,0.329,0,0.000
87,25,11716.230,0.516,11716.230,0.516,0,0.000
88,25,11787.338,0.449,11787.379,0.367,1,183.053
89,25,11788.276,0.448,11788.276,0.448,1,156.151
90,26,11865.691,0.387,11865.691,0.387,0,0.000
91,26,11866.936,0.300,11866.936,0.300,0,0.000
92,27,11967.733,0.558,11967.733,0.558,0,0.000
93,27,11988.217,0.775,11988.217,0.775,1,569.857
94,27,11999.780,0.671,11999.780,0.671,1,211.090
95,27,12006.733,0.656,12006.733,0.656,1,793.138
96,27,12024.032,0.400,12024.032,0.400,1,276.386
97,27,12030.609,0.532,12030.609,0.532,1,596.325
98,27,12055.687,0.411,12055.687,0.411,0,0.000
99,28,12006.454,1.012,12006.502,0.915,1,207.036
100,28,12024.025,0.423,12024.119,0.235,1,129.212
101,28,12030.572,0.604,12030.572,0.604,1,455.729
102,28,12055.632,0.488,12055.632,0.488,1,246.243
103,28,12119.922,0.856,12119.996,0.744,1,203.787
104,28,12122.333,0.554,12122.333,0.554,1,1612.217
105,28,12135.553,0.386,12135.553,0.386,1,212.378
106,29,12122.298,0.618,12122.298,0.618,1,819.800
107,29,12135.482,0.745,12135.482,0.745,1,446.512
108,29,12154.306,0.405,12154.306,0.405,0,0.000
109,29,12155.160,0.404,12155.160,0.404,1,95.928
110,29,12229.198,0.548,12229.198,0.548,1,963.315
111,30,12228.794,0.905,12228.794,0.905,1,680.210
112,30,12257.369,0.680,12257.369,0.680,1,538.437
113,30,12286.625,0.806,12286.625,0.764,1,2025.282
114,30,12325.680,0.416,12325.680,0.416,1,462.720
115,30,12351.039,0.512,12351.108,0.376,1,257.808
116,30,12351.756,0.443,12351.756,0.443,1,213.005
117,31,12325.613,0.632,12325.759,0.340,1,221.546
118,31,12351.113,0.979,12351.113,0.979,1,911.223
119,31,12400.483,0.878,12400.483,0.878,1,336.364
120,31,12422.733,0.431,12422.733,0.431,1,324.314
121,31,12423.476,0.430,12423.515,0.352,1,291.299
122,31,12462.460,0.704,12462.460,0.704,1,102.586
123,32,12422.684,0.447,12422.684,0.447,0,0.000
124,32,12423.428,0.545,12423.428,0.545,0,0.000
125,32,12482.277,0.716,12482.277,0.716,0,0.000
126,32,12501.726,0.385,12501.726,0.385,1,169.635
127,32,12502.666,0.469,12502.666,0.469,1,157.862
128,32,12526.269,0.439,12526.269,0.439,0,0.000
129,32,12541.811,0.569,12541.811,0.569,0,0.000
130,33,12557.848,0.432,12557.848,0.432,0,0.000
131,33,12574.059,0.607,12574.059,0.607,0,0.000
132,33,12588.155,0.409,12588.155,0.409,0,0.000
133,33,12589.424,0.407,12589.424,0.407,0,0.000
134,33,12590.736,0.406,12590.736,0.406,0,0.000
135,33,12597.949,0.755,12597.949,0.755,1,152.460
136,33,12604.521,0.306,12604.521,0.306,0,0.000
137,33,12607.834,0.564,12607.834,0.564,0,0.000
138,33,12611.164,0.387,12611.164,0.387,0,0.000
139,33,12614.508,0.384,12614.508,0.384,0,0.000
140,33,12617.993,0.465,12617.993,0.465,0,0.000
141,33,12621.404,0.461,12621.404,0.461,0,0.000
142,33,12625.156,0.539,12625.156,0.539,0,0.000
143,33,12632.625,0.527,12632.625,0.527,0,0.000
144,33,12642.538,0.433,12642.538,0.433,0,0.000
145,33,12660.429,0.627,12660.429,0.627,0,0.000
146,33,12665.259,0.471,12665.259,0.471,0,0.000
147,34,12660.429,0.539,12660.429,0.539,0,0.000
148,34,12674.110,0.432,12674.110,0.432,1,159.910
149,34,12684.706,0.611,12684.706,0.611,0,0.000
150,34,12685.552,0.892,12685.552,0.892,0,0.000
151,34,12688.737,0.327,12688.737,0.327,1,121.327
152,34,12690.834,0.511,12690.834,0.511,0,0.000
153,34,12692.552,0.880,12692.552,0.880,1,378.284
154,34,12696.889,0.505,12696.889,0.505,1,225.017
155,34,12698.449,0.412,12698.586,0.137,1,107.075
156,34,12700.277,0.501,12700.277,0.501,1,261.168
157,34,12701.052,0.410,12701.097,0.319,1,106.882
158,34,12704.047,0.317,12704.047,0.317,0,0.000
159,34,12706.754,0.494,12706.754,0.494,1,23.858
160,34,12710.070,0.402,12710.070,0.402,1,275.951
161,34,12716.846,0.483,12716.846,0.483,0,0.000
162,34,12719.997,0.479,12719.997,0.479,1,218.455
163,34,12725.109,0.473,12725.109,0.473,1,318.303
164,34,12727.170,0.385,12727.170,0.385,0,0.000
165,34,12730.283,0.467,12730.283,0.467,1,174.609
166,34,12737.681,0.457,12737.681,0.457,0,0.000
167,34,12740.788,0.453,12740.829,0.371,1,199.550
168,34,12744.398,0.449,12744.398,0.449,1,311.796
169,34,12747.646,0.605,12747.646,0.605,1,167.595
170,34,12748.533,0.523,12748.654,0.282,1,136.910
171,34,12749.860,0.521,12749.860,0.521,0,0.000
172,34,12751.661,0.439,12751.661,0.439,0,0.000
173,34,12752.457,0.676,12752.457,0.676,0,0.000
174,34,12759.655,0.427,12759.655,0.427,1,184.926
175,34,12760.779,0.271,12760.779,0.271,0,0.000
176,34,12762.708,0.423,12762.708,0.423,0,0.000
177,34,12763.745,1.033,12763.745,1.033,1,709.561
178,34,12771.005,0.410,12771.005,0.410,1,175.171
179,34,12774.083,0.405,12774.083,0.405,1,104.374
180,34,12776.761,0.692,12776.761,0.692,0,0.000
181,34,12782.174,0.713,12782.174,0.713,1,492.047
182,34,12783.845,0.460,12783.845,0.460,0,0.000
183,34,12785.715,0.316,12785.715,0.316,0,0.000
184,35,12744.456,0.462,12744.456,0.462,0,0.000
185,35,12748.454,0.562,12748.454,0.562,0,0.000
186,35,12752.433,0.610,12752.433,0.610,0,0.000
187,35,12759.623,0.453,12759.623,0.453,0,0.000
188,35,12763.744,1.451,12763.744,1.451,0,0.000
189,35,12771.020,0.446,12771.020,0.446,0,0.000
190,35,12774.036,0.444,12774.036,0.444,0,0.000
191,35,12776.793,0.540,12776.793,0.540,0,0.000
192,35,12782.124,0.827,12782.124,0.827,1,793.488
193,35,12783.826,0.534,12783.826,0.534,1,205.126
194,35,12785.572,0.629,12785.669,0.436,1,99.707
195,35,12794.554,0.524,12794.650,0.333,1,122.799
196,35,12797.501,0.521,12797.596,0.332,1,118.471
197,35,12801.326,0.423,12801.326,0.423,1,394.380
198,35,12803.954,0.515,12803.954,0.515,1,286.508
199,35,12806.708,0.512,12806.708,0.512,1,1111.973
200,35,12809.724,0.509,12809.724,0.509,0,0.000
201,35,12819.206,0.408,12819.206,0.408,0,0.000
202,35,12824.435,0.493,12824.435,0.493,1,321.738
203,35,12834.312,0.481,12834.312,0.481,1,425.174
204,35,12845.274,0.553,12845.274,0.553,1,276.033
205,35,12866.407,0.439,12866.407,0.439,1,171.773
206,35,12887.834,0.408,12887.834,0.408,0,0.000
207,35,12903.490,0.312,12903.490,0.312,0,0.000
208,35,12905.392,0.584,12905.392,0.584,1,962.330
209,36,12866.346,0.564,12866.346,0.564,0,0.000
210,36,12887.779,0.448,12887.779,0.448,0,0.000
211,36,12903.115,0.727,12903.261,0.582,1,250.276
212,36,12905.392,0.628,12905.392,0.628,1,2162.114
213,36,12915.165,0.617,12915.165,0.617,0,0.000
214,36,12920.737,0.845,12920.737,0.845,1,1022.746
215,36,12942.493,0.493,12942.493,0.493,1,202.878
216,36,12943.388,0.402,12943.388,0.402,1,211.444
217,36,12971.101,0.457,12971.101,0.457,0,0.000
218,36,12972.760,0.290,12972.760,0.290,0,0.000
219,36,12985.223,0.914,12985.223,0.914,1,561.306
220,36,13019.949,3.387,13019.949,3.387,0,0.000
221,37,13012.891,0.346,13012.891,0.346,0,0.000
222,37,13020.998,0.926,13020.998,0.926,1,1610.452
223,37,13052.351,0.779,13052.351,0.779,1,979.749
224,37,13084.183,1.818,13084.860,0.845,1,2613.963
225,37,13127.587,0.475,13127.587,0.475,1,447.661
226,38,13085.015,0.266,13085.015,0.266,0,0.000
227,38,13085.440,0.265,13085.440,0.265,1,138.446
228,38,13127.571,0.451,13127.571,0.451,1,511.250
229,38,13156.211,1.048,13156.211,1.048,1,1092.719
230,38,13210.426,0.794,13210.426,0.794,1,540.095
231,38,13222.264,1.168,13222.264,1.168,0,0.000
232,38,13235.870,0.500,13235.870,0.500,1,384.966
233,38,13236.754,0.422,13236.754,0.422,1,338.945
234,39,13210.364,0.798,13210.364,0.798,0,0.000
235,39,13235.838,0.464,13235.838,0.464,1,266.938
236,39,13236.662,0.566,13236.662,0.566,1,256.465
237,39,13263.974,0.443,13263.974,0.443,0,0.000
238,39,13301.720,0.593,13301.720,0.593,1,101.077
239,39,13323.959,0.388,13323.959,0.388,1,215.049
240,39,13324.949,0.559,13324.949,0.559,0,0.000
241,40,13400.601,0.629,13400.601,0.629,0,0.000
242,40,13422.064,0.417,13422.064,0.417,1,91.960
243,41,13527.851,0.729,13527.851,0.729,0,0.000
244,43,14102.768,0.406,14102.768,0.406,0,0.000
245,43,14133.341,1.603,14133.341,1.603,0,0.000
246,43,14162.796,0.332,14162.796,0.332,0,0.000
247,44,14162.439,1.492,14162.439,1.492,1,154.211
248,44,14265.422,1.694,14265.422,1.694,0,0.000
249,44,14292.051,0.657,14292.051,0.657,0,0.000
250,45,14292.065,0.492,14292.065,0.492,0,0.000
251,45,14293.213,0.600,14293.213,0.600,0,0.000
252,45,14342.018,0.553,14342.018,0.553,1,102.886
253,45,14355.993,0.537,14356.042,0.439,1,114.997
254,45,14356.823,0.536,14356.823,0.536,1,511.773
255,45,14373.284,0.422,14373.284,0.422,0,0.000
256,45,14402.344,0.564,14402.344,0.564,1,148.594
257,46,14518.554,0.990,14518.554,0.990,1,2268.276
258,46,14525.340,0.417,14525.340,0.417,0,0.000
259,46,14563.724,0.539,14563.724,0.539,1,764.146
260,47,14563.660,0.626,14563.660,0.626,1,563.462
261,47,14604.208,1.181,14604.208,1.181,1,1402.125
262,47,14664.656,0.810,14664.656,0.810,1,475.676
263,47,14697.689,0.567,14697.732,0.480,1,238.276
264,47,14698.561,0.565,14698.561,0.565,1,662.669
265,47,14701.594,1.291,14701.594,1.291,0,0.000
266,48,14697.727,0.526,14697.727,0.526,0,0.000
267,48,14698.486,0.642,14698.486,0.642,1,303.702
268,48,14739.496,1.107,14739.607,0.941,1,220.969
269,48,14755.263,1.027,14755.263,1.027,0,0.000
270,48,14772.003,0.788,14772.003,0.788,1,546.648
271,48,14783.183,0.977,14783.183,0.977,1,1290.961
272,48,14798.984,0.548,14798.984,0.548,1,681.479
273,48,14800.129,0.546,14800.129,0.546,1,438.387
274,48,14805.367,0.835,14805.367,0.835,0,0.000
275,48,14832.622,0.827,14832.622,0.827,1,2385.469
276,48,14864.102,0.543,14864.102,0.543,1,504.403
277,48,14886.888,1.188,14886.888,1.188,0,0.000
278,49,14864.080,0.522,14864.080,0.522,1,442.637
279,49,14885.482,2.590,14885.651,2.421,1,2588.727
280,49,14908.006,0.491,14908.006,0.491,1,221.111
281,49,14909.477,0.489,14909.477,0.489,1,267.420
282,49,14926.579,1.424,14926.579,1.424,0,0.000
283,49,14931.468,0.785,14931.468,0.785,1,1425.927
284,49,15024.861,0.452,15024.861,0.452,0,0.000
285,50,15052.277,1.175,15052.277,1.175,1,894.313
286,50,15054.959,1.059,15054.959,1.059,1,9052.649
287,50,15063.160,0.495,15063.160,0.495,1,231.463
288,50,15064.315,0.494,15064.315,0.494,1,143.540
289,50,15068.259,0.600,15068.259,0.600,1,1680.849
290,50,15069.077,0.491,15069.077,0.491,1,1726.226
291,50,15081.379,0.587,15081.379,0.587,0,0.000
292,50,15087.062,0.581,15087.062,0.581,1,552.925
293,50,15088.855,0.579,15088.855,0.579,1,578.729
294,50,15111.815,0.553,15111.916,0.352,1,173.421
295,50,15115.022,0.549,15115.022,0.549,1,133.723
296,50,15143.884,0.605,15143.884,0.605,0,0.000
297,50,15147.545,0.875,15147.545,0.875,0,0.000
298,50,15186.363,1.302,15186.363,1.302,0,0.000
299,51,15184.216,5.723,15184.216,5.723,0,0.000
300,51,15240.357,1.990,15240.357,1.238,1,8617.395
301,51,15282.449,0.445,15282.449,0.445,0,0.000
302,51,15287.516,0.538,15287.516,0.538,1,3318.441
303,51,15310.605,0.875,15310.605,0.875,0,0.000
304,51,15331.787,1.166,15331.787,1.166,1,6094.450
305,52,15331.733,1.263,15331.733,1.263,1,4325.608
306,52,15376.488,0.397,15376.488,0.397,0,0.000
307,52,15391.685,0.720,15391.685,0.720,0,0.000
308,52,15394.889,0.826,15394.889,0.826,1,2662.528
309,52,15415.774,1.114,15415.774,1.114,0,0.000
310,52,15426.232,0.676,15426.232,0.676,0,0.000
311,52,15429.447,0.568,15429.447,0.568,0,0.000
312,52,15431.406,0.566,15431.406,0.566,1,3494.061
313,52,15432.332,0.565,15432.332,0.565,1,3459.178
314,52,15438.354,0.861,15438.354,0.861,0,0.000
315,52,15461.561,1.103,15461.561,0.959,1,269.589
316,52,15467.802,0.519,15467.802,0.519,0,0.000
317,52,15473.710,0.929,15473.710,0.929,0,0.000
318,52,15487.843,0.491,15487.843,0.491,0,0.000
319,52,15488.557,0.490,15488.557,0.490,0,0.000
320,52,15500.238,1.157,15500.324,1.071,1,482.948
321,52,15509.286,0.956,15509.328,0.914,1,770.156
322,52,15517.526,0.363,15517.526,0.363,0,0.000
323,53,15500.249,1.149,15500.249,1.149,1,437.142
324,53,15509.159,1.077,15509.219,1.017,1,776.589
325,53,15531.704,0.639,15531.704,0.639,0,0.000
326,53,15539.395,0.517,15539.395,0.517,1,1278.961
327,53,15540.601,0.631,15540.601,0.631,1,1360.170
328,53,15545.633,0.968,15545.633,0.968,1,1809.530
329,53,15569.663,0.930,15569.663,0.930,1,1091.136
330,53,15580.673,0.483,15580.673,0.483,0,0.000
331,53,15597.161,0.883,15597.161,0.883,1,4466.605
332,53,15612.202,0.754,15612.202,0.754,0,0.000
333,53,15630.669,1.202,15630.669,1.202,1,2351.674
334,53,15654.495,1.125,15654.495,1.125,1,3549.691
335,53,15655.844,0.583,15655.844,0.583,1,426.789
336,53,15657.502,0.580,15657.502,0.580,1,432.404
337,54,15653.153,3.289,15653.650,2.792,1,2162.036
338,54,15657.061,0.928,15657.247,0.742,1,195.559
339,54,15701.513,1.406,15701.806,1.113,1,1330.956
340,54,15737.466,0.942,15737.466,0.942,0,0.000
341,54,15738.906,0.829,15738.906,0.829,0,0.000
342,54,15746.107,0.928,15746.107,0.928,0,0.000
343,54,15751.217,0.919,15751.217,0.919,0,0.000
344,54,15759.272,1.808,15759.698,1.382,1,328.404
345,54,15764.941,0.947,15764.941,0.947,1,79.304
346,54,15767.254,0.577,15767.254,0.577,0,0.000
347,54,15773.817,1.085,15773.817,1.085,0,0.000
348,54,15779.064,0.715,15779.320,0.460,1,104.011
349,54,15780.545,0.866,15780.800,0.611,1,215.860
350,54,15782.427,0.913,15782.732,0.608,1,215.171
351,54,15792.762,1.040,15792.762,1.040,0,0.000
352,54,15806.313,2.293,15806.313,2.293,0,0.000
353,54,15829.335,1.612,15829.694,1.253,1,932.684
354,54,15832.151,1.598,15832.507,1.242,1,9481.316
355,54,15841.231,0.992,15841.404,0.820,1,90.177
356,54,15842.395,0.988,15842.395,0.988,1,159.631
357,54,15847.050,1.690,15847.304,1.435,1,2624.498
358,55,15829.523,1.499,15829.586,1.436,1,657.191
359,55,15832.581,1.432,15832.581,1.432,1,6496.418
360,55,15841.632,0.678,15841.632,0.678,0,0.000
361,55,15842.680,0.677,15842.680,0.677,0,0.000
362,55,15847.288,1.469,15847.288,1.469,1,2996.364
363,55,15861.564,0.542,15861.564,0.542,0,0.000
364,55,15868.039,0.656,15868.039,0.656,1,584.619
365,55,15869.888,0.655,15869.888,0.655,1,625.319
366,55,15872.207,0.653,15872.207,0.653,0,0.000
367,55,15882.054,0.761,15882.054,0.761,0,0.000
368,55,15895.332,0.631,15895.332,0.631,1,213.022
369,55,15897.509,0.515,15897.509,0.515,0,0.000
370,55,15898.538,0.628,15898.538,0.628,1,174.889
371,55,15901.671,0.852,15901.671,0.852,0,0.000
372,55,15914.434,0.612,15914.434,0.612,0,0.000
373,55,15916.766,0.609,15916.766,0.609,0,0.000
374,55,15924.577,0.819,15924.577,0.819,0,0.000
375,55,15929.200,0.812,15929.200,0.812,0,0.000
376,55,15934.427,0.589,15934.427,0.589,0,0.000
377,55,15972.035,1.429,15972.233,1.035,1,3315.425
378,55,16030.377,0.827,16030.377,0.827,1,4989.167
379,56,16029.674,2.638,16029.981,2.024,1,7132.505
380,56,16056.726,0.770,16056.726,0.770,0,0.000
381,56,16059.567,0.531,16059.567,0.531,0,0.000
382,56,16073.537,0.751,16073.537,0.751,0,0.000
383,56,16079.409,0.630,16079.409,0.630,1,4259.759
384,56,16127.977,1.203,16127.977,1.203,1,12416.003
385,56,16159.068,1.216,16159.068,1.216,0,0.000
386,56,16194.202,0.747,16194.202,0.747,1,2146.997
387,56,16208.154,0.544,16208.154,0.544,0,0.000
388,57,16194.070,0.947,16194.070,0.947,1,1980.700
389,57,16229.654,0.665,16229.654,0.665,0,0.000
390,57,16234.540,0.661,16234.540,0.661,1,3602.617
391,57,16235.501,0.660,16235.501,0.660,1,3564.308
392,57,16245.043,1.538,16245.043,1.538,0,0.000
393,57,16251.938,1.288,16251.938,1.288,0,0.000
394,57,16259.051,0.637,16259.051,0.637,0,0.000
395,57,16269.515,1.480,16269.515,1.480,0,0.000
396,57,16279.070,1.232,16279.070,1.232,0,0.000
397,57,16301.693,1.181,16301.693,1.127,1,375.883
398,57,16303.141,0.803,16303.141,0.803,0,0.000
399,57,16307.143,0.584,16307.143,0.584,0,0.000
400,57,16307.886,0.583,16307.886,0.583,0,0.000
401,57,16314.995,1.044,16314.995,1.044,0,0.000
402,57,16316.612,1.040,16316.612,1.040,1,2252.596
403,57,16341.160,1.128,16341.160,1.128,1,982.146
404,57,16350.384,0.527,16350.384,0.527,1,1839.817
405,57,16351.677,0.525,16351.677,0.525,1,1892.616
406,57,16356.472,0.424,16356.472,0.424,0,0.000
407,57,16359.991,0.746,16359.991,0.700,1,378.239
408,57,16363.613,0.415,16363.613,0.415,0,0.000
409,57,16364.627,0.506,16364.627,0.506,0,0.000
410,57,16368.610,0.682,16368.610,0.682,0,0.000
411,57,16387.922,1.192,16387.922,1.192,1,1230.501
412,58,16387.832,1.136,16387.832,1.136,1,1642.772
413,58,16414.496,0.916,16414.496,0.916,1,1074.029
414,58,16441.424,1.175,16441.424,1.175,1,4828.702
415,58,16446.927,1.281,16446.927,1.281,1,1025.949
416,58,16454.459,0.748,16454.459,0.748,0,0.000
417,58,16475.329,0.610,16475.329,0.610,1,967.784
418,58,16476.992,0.608,16476.992,0.608,1,980.950
419,58,16478.760,0.606,16478.760,0.606,1,2289.781
420,58,16501.674,1.629,16501.674,1.629,1,5941.278
421,58,16527.738,0.446,16527.738,0.446,0,0.000
422,58,16538.677,0.721,16538.677,0.721,0,0.000
423,58,16542.746,0.713,16542.746,0.713,0,0.000
424,58,16553.478,0.967,16553.478,0.967,1,1455.351
425,59,16553.339,0.980,16553.339,0.980,1,1092.611
426,59,16585.356,0.694,16585.356,0.694,0,0.000
427,59,16586.429,0.820,16586.618,0.441,1,105.785
428,59,16604.947,0.924,16604.947,0.924,0,0.000
429,59,16609.676,0.551,16609.676,0.551,1,253.779
430,59,16611.693,0.671,16611.693,0.671,1,315.327
431,59,16666.256,0.783,16666.256,0.783,0,0.000
432,59,16688.535,1.283,16688.535,1.283,1,1744.000
433,59,16691.788,1.115,16691.788,1.115,1,15219.544
434,59,16701.727,0.676,16701.727,0.676,1,201.738
435,59,16702.869,0.674,16702.973,0.466,1,189.943
436,59,16706.691,5.009,16708.025,1.586,1,5224.033
437,59,16711.852,0.457,16711.852,0.457,0,0.000
438,59,16717.851,0.550,16717.851,0.550,0,0.000
439,59,16718.601,0.549,16718.601,0.549,1,133.137
440,59,16723.120,1.232,16723.120,1.232,0,0.000
441,59,16725.090,0.638,16725.090,0.638,0,0.000
442,59,16731.228,0.628,16731.228,0.628,1,661.239
443,59,16732.675,1.009,16732.675,1.009,1,694.510
444,59,16733.972,0.623,16733.972,0.623,0,0.000
445,59,16753.452,0.678,16753.452,0.678,0,0.000
446,59,16755.886,0.673,16755.886,0.673,0,0.000
447,59,16761.446,0.924,16761.534,0.748,1,108.616
448,60,16761.528,0.715,16761.528,0.715,0,0.000
449,60,16764.904,0.712,16764.904,0.712,0,0.000
450,60,16804.525,0.802,16804.648,0.555,1,33.386
451,60,16839.837,1.462,16839.837,1.462,1,2554.444
452,60,16871.002,0.498,16871.002,0.498,0,0.000
453,60,16876.454,0.712,16876.454,0.712,0,0.000
454,60,16888.839,0.587,16888.839,0.587,0,0.000
455,60,16890.491,0.585,16890.491,0.585,0,0.000
456,60,16899.445,0.781,16899.445,0.781,0,0.000
457,60,16903.183,1.084,16903.183,1.084,1,10302.069
458,60,16906.991,0.768,16906.991,0.768,0,0.000
459,60,16908.525,0.663,16908.525,0.663,0,0.000
460,60,16909.850,0.661,16909.850,0.661,0,0.000
461,60,16954.601,0.761,16954.601,0.761,1,2286.189
462,61,16954.533,0.990,16954.533,0.990,1,2538.943
463,61,17008.049,1.237,17008.049,1.237,1,10658.647
464,61,17054.361,0.633,17054.361,0.633,0,0.000
465,61,17056.027,1.776,17056.027,1.776,0,0.000
466,61,17070.522,0.502,17070.522,0.502,0,0.000
467,61,17073.862,0.499,17073.862,0.499,0,0.000
468,61,17077.952,0.825,17077.952,0.825,1,3787.591
469,61,17104.595,0.882,17104.595,0.882,0,0.000
470,61,17109.038,0.770,17109.141,0.565,1,113.341
471,61,17114.500,0.861,17114.500,0.861,0,0.000
472,61,17122.829,0.645,17122.829,0.645,1,3468.778
473,61,17123.820,0.643,17123.820,0.643,1,3478.019
474,62,17188.860,0.836,17188.860,0.836,0,0.000
475,62,17196.226,0.446,17196.226,0.446,0,0.000
476,62,17209.626,1.502,17209.626,1.502,1,1972.411
477,62,17215.180,0.808,17215.180,0.808,0,0.000
478,62,17221.246,1.354,17221.246,1.354,0,0.000
479,62,17229.759,0.669,17229.819,0.547,1,94.230
480,62,17232.128,0.848,17232.128,0.848,0,0.000
481,62,17242.413,1.311,17242.413,1.311,0,0.000
482,62,17243.903,1.011,17243.903,1.011,0,0.000
483,62,17247.582,0.650,17247.582,0.650,1,2345.409
484,62,17249.000,0.649,17249.000,0.649,1,2233.500
485,62,17256.914,1.338,17257.088,1.163,1,324.115
486,62,17268.268,0.798,17268.268,0.798,0,0.000
487,62,17275.295,0.731,17275.295,0.731,0,0.000
488,62,17282.283,1.165,17282.283,1.165,1,1059.286
489,62,17312.707,0.779,17312.707,0.779,0,0.000
490,62,17326.548,0.652,17326.548,0.652,0,0.000
491,62,17330.294,1.141,17330.294,1.141,1,1727.342
492,62,17350.489,1.311,17350.583,1.217,1,585.170
493,62,17359.237,1.048,17359.237,1.048,1,589.712
494,63,17350.306,1.570,17350.306,1.570,1,671.630
495,63,17359.217,1.016,17359.217,1.016,1,595.142
496,63,17382.440,0.859,17382.440,0.859,1,682.363
497,63,17384.223,0.857,17384.223,0.857,1,591.101
498,63,17385.541,1.908,17385.541,1.908,1,2724.311
499,63,17415.423,0.698,17415.423,0.698,0,0.000
500,63,17426.696,0.687,17426.696,0.687,1,1602.732
501,63,17428.256,0.685,17428.256,0.685,0,0.000
502,63,17449.369,1.146,17449.369,1.146,1,4564.029
503,63,17500.357,0.605,17500.357,0.605,1,154.924
504,63,17501.401,0.713,17501.456,0.603,1,162.062
505,63,17505.447,0.924,17505.447,0.924,1,1611.793
506,63,17527.896,0.672,17527.896,0.672,1,313.965
507,63,17530.164,0.565,17530.164,0.565,1,287.096
508,63,17536.387,0.455,17536.387,0.455,0,0.000
509,63,17543.357,0.546,17543.357,0.546,0,0.000
510,64,17611.700,0.589,17611.700,0.589,0,0.000
511,64,17618.483,0.455,17618.483,0.455,0,0.000
512,64,17623.340,0.710,17623.340,0.710,1,171.120
513,64,17628.230,0.705,17628.230,0.705,0,0.000
514,64,17649.155,1.369,17649.155,1.369,1,1243.557
515,64,17652.696,1.052,17652.696,1.052,1,11801.126
516,64,17661.314,0.672,17661.314,0.672,0,0.000
517,64,17663.877,0.670,17663.877,0.670,0,0.000
518,64,17665.094,0.790,17665.094,0.790,0,0.000
519,64,17671.082,1.443,17671.082,1.443,1,4472.942
520,64,17675.938,0.537,17675.938,0.537,0,0.000
521,64,17683.826,0.648,17683.826,0.648,1,189.479
522,64,17686.470,0.645,17686.470,0.645,1,159.136
523,64,17688.752,0.409,17688.752,0.409,0,0.000
524,64,17690.035,0.640,17690.035,0.640,0,0.000
525,64,17697.096,0.747,17697.096,0.747,1,347.217
526,64,17699.047,0.630,17699.047,0.630,1,737.390
527,64,17731.365,0.696,17731.365,0.696,1,193.132
528,64,17734.885,0.584,17734.885,0.584,1,267.607
529,64,17778.198,0.520,17778.198,0.520,0,0.000
530,65,17819.194,0.603,17819.194,0.603,0,0.000
531,65,17835.128,0.986,17835.128,0.986,0,0.000
532,65,17853.454,0.962,17853.454,0.962,1,59.008
533,65,17877.379,6.050,17879.113,2.408,1,8852.285
534,65,17993.246,1.404,17993.246,1.404,1,5407.072
535,66,17994.489,0.213,17994.489,0.213,1,323.503
536,66,18048.086,0.471,18048.086,0.471,0,0.000
537,66,18067.445,0.854,18067.445,0.854,1,887.772
538,66,18117.573,0.794,18117.573,0.794,1,1768.019
539,66,18118.610,0.792,18118.610,0.792,1,1063.363
540,67,18463.150,1.186,18463.150,1.186,0,0.000
541,68,18470.527,0.933,18470.527,0.933,0,0.000
542,69,18770.621,0.749,18770.621,0.749,0,0.000
543,69,18902.246,0.760,18902.246,0.760,0,0.000
