,Order,Wavelength Start A,Region Size A,Wavelength Start B,Region Size B,Both Fibers,Integrated Flux B
0,0,9802.398473077223,0.2980529244614445,9802.398473077223,0.2980529244614445,0,0.0
1,2,9911.35618539625,0.2536989791551605,9911.35618539625,0.2536989791551605,0,0.0
2,2,9917.113552156488,0.3212403053057642,9917.113552156488,0.3212403053057642,0,0.0
3,2,9944.20848089178,0.29436116606302676,9944.20848089178,0.29436116606302676,0,0.0
4,2,9948.942973675561,0.5455967572852387,9948.942973675561,0.5455967572852387,0,0.0
5,2,9959.13320875879,0.4609839156164526,9959.286977503465,0.15366132529379684,1,67.31702734663823
6,3,10015.33339546977,0.4241092251941154,10015.33339546977,0.4241092251941154,1,186.46253315382612
7,4,10015.360770638092,0.43331039201257227,10015.360770638092,0.43331039201257227,0,0.0
8,4,10037.685761124074,0.4154033618797257,10037.685761124074,0.4154033618797257,0,0.0
9,4,10063.103015726314,0.4598699341840984,10063.103015726314,0.4598699341840984,0,0.0
10,4,10084.966853883283,0.49275277780907345,10084.966853883283,0.49275277780907345,0,0.0
11,5,10126.677125787335,0.47225078965129796,10126.749819377023,0.3269428803741903,1,130.41421106214074
12,5,10174.123713452957,0.3364124336239911,10174.123713452957,0.3364124336239911,0,0.0
13,5,10174.70445117781,0.5791294416430901,10174.70445117781,0.5791294416430901,0,0.0
14,6,10205.606494055997,0.39398412523769366,10205.606494055997,0.39398412523769366,0,0.0
15,6,10211.432436716217,0.3167083631615242,10211.432436716217,0.3167083631615242,0,0.0
16,6,10213.53783595734,0.5241393904234428,10213.53783595734,0.5241393904234428,1,177.82432651270875
17,6,10228.003856103212,1.061704334899332,10228.003856103212,1.061704334899332,0,0.0
18,7,10287.144307150473,0.4559017201336246,10287.144307150473,0.4559017201336246,0,0.0
19,7,10289.138241482719,0.5921563339888962,10289.138241482719,0.5921563339888962,1,488.8622726556559
20,7,10298.53862553411,0.6739918904404476,10298.53862553411,0.6739918904404476,0,0.0
21,8,10399.185537555575,0.3326642935680866,10399.185537555575,0.3326642935680866,0,0.0
22,9,10420.878261093463,0.705057580020366,10420.878261093463,0.705057580020366,1,432.1369295368434
23,9,10471.407166350788,0.740018290509397,10471.407166350788,0.740018290509397,0,0.0
24,10,10453.084330112955,0.5337886837551196,10453.084330112955,0.5337886837551196,0,0.0
25,10,10471.430504324422,0.872730539764234,10471.430504324422,0.872730539764234,0,0.0
26,10,10511.554750426754,0.9646801581566251,10511.554750426754,0.9646801581566251,0,0.0
27,10,10527.167688167927,0.30490169018412416,10527.303243402988,0.10162088852666784,1,54.09506086457113
28,11,10575.013569714905,0.3372068046974164,10575.013569714905,0.3372068046974164,0,0.0
29,11,10588.144108128965,0.324387162214407,10588.144108128965,0.324387162214407,0,0.0
30,11,10588.972435931439,0.25166782830092416,10588.972435931439,0.25166782830092416,0,0.0
31,11,10623.35638495988,0.503397153916012,10623.35638495988,0.503397153916012,0,0.0
32,13,10723.15429188083,0.4275320190245111,10723.15429188083,0.4275320190245111,0,0.0
33,13,10731.388874757144,0.7225441517584841,10731.388874757144,0.7225441517584841,1,224.23961881611442
34,13,10745.93008726522,0.4011145139393193,10745.93008726522,0.4011145139393193,1,138.09549799571406
35,13,10753.642046580158,0.5687630853917653,10753.642046580158,0.5687630853917653,1,308.0409415571629
36,13,10774.889812642052,0.36071401246044843,10774.889812642052,0.36071401246044843,0,0.0
37,14,10774.799255174776,0.45768648516786925,10774.799255174776,0.45768648516786925,0,0.0
38,14,10831.918522315813,0.6847738408578152,10831.918522315813,0.6847738408578152,0,0.0
39,14,10833.968182902647,0.537055084541862,10833.968182902647,0.537055084541862,1,931.3238409690239
40,14,10844.314994487017,0.7588618837944523,10844.314994487017,0.7588618837944523,1,245.4374768294917
41,14,10846.858895342222,1.1264954132620915,10846.858895342222,1.1264954132620915,0,0.0
42,15,10833.911822197058,0.5644782671461144,10833.911822197058,0.5644782671461144,0,0.0
43,15,10844.386776416979,0.6838419144150976,10844.386776416979,0.6838419144150976,0,0.0
44,15,10926.061098246733,0.7986162486467947,10926.061098246733,0.7986162486467947,1,652.4720594520106
45,15,10951.126853026308,0.4056633741420228,10951.126853026308,0.4056633741420228,0,0.0
46,16,10951.095667201753,0.5352116729209229,10951.178046387662,0.4528324870116194,1,151.41330592277066
47,16,10974.989942247581,0.6614560033904127,10974.989942247581,0.6614560033904127,1,842.7706619246142
48,16,11009.04478400275,0.45471925144374836,11009.04478400275,0.45471925144374836,1,241.85912052906943
49,16,11029.314987599064,0.8676013235526625,11029.314987599064,0.8676013235526625,1,285.19865713328255
50,17,11008.977896349974,0.5650142918930214,11008.977896349974,0.5650142918930214,0,0.0
51,17,11029.361904861798,0.377384089424595,11029.361904861798,0.377384089424595,1,171.96921246551136
52,17,11029.865021405967,0.37701029504933103,11029.865021405967,0.37701029504933103,1,190.2302641933832
53,17,11089.46026132701,0.3927913892603101,11089.495992160531,0.3570605557397357,1,149.75512686047628
54,17,11090.102726876006,0.39189835405886697,11090.102726876006,0.39189835405886697,1,136.21623977553443
55,18,11140.431853545046,0.7567811138433171,11140.431853545046,0.7567811138433171,0,0.0
56,18,11155.325624341422,0.4975172407430364,11155.325624341422,0.4975172407430364,0,0.0
57,18,11156.24355663624,0.41989988978639303,11156.24355663624,0.41989988978639303,0,0.0
58,18,11179.721838745547,2.6045967472255143,11179.721838745547,2.6045967472255143,0,0.0
59,18,11184.523896242696,3.141456000836115,11184.523896242696,3.141456000836115,0,0.0
60,20,11306.092262407128,0.5363795436733199,11306.092262407128,0.5363795436733199,0,0.0
61,20,11323.078841444329,0.5537464800727321,11323.078841444329,0.5537464800727321,0,0.0
62,20,11330.794421647863,0.7353575931938394,11330.794421647863,0.7353575931938394,0,0.0
63,20,11353.963919311856,0.5389173248713632,11353.963919311856,0.5389173248713632,1,212.39537465752323
64,20,11393.239574214818,0.6328824173469911,11393.239574214818,0.6328824173469911,1,267.95654049792586
65,21,11439.63710761454,0.5867668283572129,11439.63710761454,0.5867668283572129,1,994.9804079510742
66,21,11451.215726341397,0.7381360578910972,11451.215726341397,0.7381360578910972,1,325.1223964080242
67,21,11468.60508532939,0.2942054926970741,11468.60508532939,0.2942054926970741,0,0.0
68,22,11439.635616494692,0.5924043244576751,11439.635616494692,0.5924043244576751,1,246.68706970594556
69,22,11451.250013769402,0.7161163950240734,11451.250013769402,0.7161163950240734,0,0.0
70,22,11468.413656039478,0.5643805410036293,11468.413656039478,0.5643805410036293,0,0.0
71,22,11538.481513671812,1.2196859569867229,11538.481513671812,0.8973627794312051,1,753.9476881204074
72,22,11564.954041874986,0.5778859046968137,11564.954041874986,0.5778859046968137,0,0.0
73,23,11538.399630591322,0.7721880308527034,11538.445079088331,0.6813424228894291,1,216.73598841057253
74,23,11564.970307169877,0.47671825935867673,11564.970307169877,0.47671825935867673,1,117.27392670628545
75,23,11591.301818430047,0.6939112911186385,11591.301818430047,0.6939112911186385,1,1061.7583443892852
76,23,11604.155310699527,1.182096661610558,11604.234241145472,1.0638272832020448,1,157.40399143183544
77,23,11616.898178049509,0.7208821001258912,11616.898178049509,0.7208821001258912,1,216.735824056883
78,23,11627.645123768669,0.40275449212094827,11627.681761504922,0.36611675586755155,1,250.64513847707545
79,23,11650.274121278166,0.9360630919127289,11650.274121278166,0.9360630919127289,1,323.91309773327464
80,24,11627.572803155812,0.5065863200925378,11627.572803155812,0.5065863200925378,0,0.0
81,24,11650.282136791437,0.9308127584135946,11650.282136791437,0.9308127584135946,1,434.00259517866704
82,24,11695.539759589823,1.3977836598369322,11696.21936082327,0.5985851610294048,1,221.56996080480678
83,24,11715.548388928373,0.414043273369316,11715.548388928373,0.414043273369316,1,245.82061479366
84,24,11716.263197794393,0.45058445606264286,11716.413467834182,0.18773178060655482,1,300.33612223209315
85,24,11750.831013129991,0.3601043789749383,11750.831013129991,0.3601043789749383,0,0.0
86,25,11715.60348232618,0.3279721689214057,11715.60348232618,0.3279721689214057,0,0.0
87,25,11716.212455170438,0.514883362546243,11716.212455170438,0.514883362546243,0,0.0
88,25,11787.3417839705,0.4472144488245249,11787.382461845149,0.3659027397916361,1,122.9576299509518
89,25,11788.276260492845,0.4460985026562412,11788.276260492845,0.4460985026562412,0,0.0
90,26,11865.673099994627,0.38563000061913044,11865.673099994627,0.38563000061913044,0,0.0
91,26,11866.91447986079,0.34183332960674306,11866.91447986079,0.34183332960674306,0,0.0
92,27,11967.744370360653,0.5561065673755365,11967.744370360653,0.5561065673755365,0,0.0
93,27,11988.196737678663,0.8120760591955332,11988.196737678663,0.8120760591955332,1,484.68709342709286
94,27,11999.791658096769,0.6675606761764357,11999.791658096769,0.6675606761764357,1,205.11405756206716
95,27,12006.713613368283,0.6915761395739537,12006.713613368283,0.6915761395739537,1,576.440850623944
96,27,12024.038416186557,0.397863578507895,12024.038416186557,0.397863578507895,1,181.15952815007978
97,27,12030.613941725293,0.5285458983544231,12030.613941725293,0.5285458983544231,1,446.08554037544485
98,27,12055.691341072825,0.40769235507104895,12055.691341072825,0.40769235507104895,0,0.0
99,28,12006.44016243834,1.009785587206352,12006.536391308562,0.9135567169851129,1,107.23327502104006
100,28,12024.023001610256,0.4219630472452991,12024.023001610256,0.4219630472452991,0,0.0
101,28,12030.554493369338,0.6029382843953499,12030.554493369338,0.6029382843953499,1,383.1087936281164
102,28,12055.637433883347,0.48671865682808857,12055.637433883347,0.48671865682808857,1,256.9911232302039
103,28,12119.914098476802,0.8513047470169113,12119.98822923856,0.7402153779112268,1,158.38870209945298
104,28,12122.349915883648,0.550568999027746,12122.349915883648,0.550568999027746,1,1363.9223601078395
105,28,12135.565049293664,0.38333269271970494,12135.565049293664,0.38333269271970494,1,178.21882076882903
106,29,12122.30128883432,0.616889183760577,12122.30128883432,0.616889183760577,1,633.326831533777
107,29,12135.50173129951,0.7429649628138577,12135.50173129951,0.7429649628138577,1,343.74608186675533
108,29,12154.318869436336,0.40354443106480176,12154.318869436336,0.40354443106480176,0,0.0
109,29,12155.170409134433,0.40284644226630917,12155.170409134433,0.40284644226630917,0,0.0
110,29,12229.186226778427,0.544698106672513,12229.186226778427,0.544698106672513,1,787.1015058771482
111,30,12228.788183437262,0.9032778520868305,12228.788183437262,0.9032778520868305,1,493.59102060487635
112,30,12257.380995244734,0.6776026713760075,12257.380995244734,0.6776026713760075,1,467.8517400236369
113,30,12286.626523411576,0.8030190968911484,12286.626523411576,0.8030190968911484,1,1638.266427455402
114,30,12325.66844289437,0.4135101293268235,12325.66844289437,0.4135101293268235,1,358.49966527599236
115,30,12351.05625168251,0.5089400199994998,12351.090217832829,0.37328055176112684,1,179.8391417791767
116,30,12351.768436259998,0.4397130966226541,12351.768436259998,0.4397130966226541,1,213.42713201707576
117,31,12325.622787498303,0.6304382400649047,12325.768325000661,0.3394667809807288,1,178.57829766241704
118,31,12351.108131517134,0.9763056813026196,12351.108131517134,0.9763056813026196,1,745.2280621957129
119,31,12400.491024385605,0.8740173716832942,12400.491024385605,0.8740173716832942,1,264.56413318969135
120,31,12422.723185988827,0.4287404915794468,12422.723185988827,0.4287404915794468,1,205.33193371616554
121,31,12423.463359974596,0.42770116679275816,12423.502266780313,0.3499373247304902,1,315.6315566642639
122,31,12462.47017784848,0.6986829765228322,12462.47017784848,0.6986829765228322,1,174.64765285030597
123,32,12422.663354677568,0.4457464414554124,12422.663354677568,0.4457464414554124,0,0.0
124,32,12423.40611782788,0.544223060238437,12423.40611782788,0.544223060238437,0,0.0
125,32,12482.289724730514,0.7137558210924908,12482.334367385325,0.31237574720944394,1,65.63097629212183
126,32,12501.71309307551,0.3834896579191991,12501.71309307551,0.3834896579191991,1,144.0111926190946
127,32,12502.649845271,0.46752874979029,12502.649845271,0.46752874979029,1,128.44381240217558
128,32,12526.275031349674,0.4370818576335296,12526.275031349674,0.4370818576335296,0,0.0
129,32,12541.816408473527,0.5655252079213824,12541.816408473527,0.5655252079213824,0,0.0
130,33,12557.862609131578,0.4313880125464493,12557.862609131578,0.4313880125464493,0,0.0
131,33,12574.075982544968,0.605095136552336,12574.075982544968,0.605095136552336,0,0.0
132,33,12588.174460922084,0.40718498405658465,12588.310228676512,0.135728334180385,1,88.19583304779756
133,33,12589.440091866332,0.40607855165944784,12589.440091866332,0.40607855165944784,0,0.0
134,33,12590.747289565079,0.4049275680554274,12590.747289565079,0.4049275680554274,0,0.0
135,33,12597.936494613883,0.7523145139093685,12597.936494613883,0.7523145139093685,1,196.10479268886183
136,33,12604.529121684154,0.3051370174980548,12604.529121684154,0.3051370174980548,0,0.0
137,33,12607.829900846753,0.5619199256798311,12607.829900846753,0.5619199256798311,0,0.0
138,33,12611.146678798317,0.3858611474370264,12611.146678798317,0.3858611474370264,0,0.0
139,33,12614.520640216388,0.38250177855661605,12614.520640216388,0.38250177855661605,0,0.0
140,33,12617.991409074924,0.4631484865822131,12617.991409074924,0.4631484865822131,0,0.0
141,33,12621.38824817558,0.4588615392076463,12621.38824817558,0.4588615392076463,0,0.0
142,33,12625.166643632703,0.5364841949849506,12625.166643632703,0.5364841949849506,0,0.0
143,33,12632.642376794183,0.5247761196442298,12632.642376794183,0.5247761196442298,0,0.0
144,33,12642.546953991123,0.43035107595096633,12642.546953991123,0.43035107595096633,0,0.0
145,33,12660.417899788468,0.6234938818106457,12660.417899788468,0.6234938818106457,0,0.0
146,33,12665.25524872248,0.46781906702017295,12665.25524872248,0.46781906702017295,0,0.0
147,34,12660.412278853546,0.5380879030617507,12660.412278853546,0.5380879030617507,0,0.0
148,34,12674.107692766673,0.4303762848776387,12674.107692766673,0.4303762848776387,1,137.6904025021528
149,34,12684.721133633133,0.6095853944807459,12684.721133633133,0.6095853944807459,0,0.0
150,34,12685.56498592098,0.8892542997455166,12685.56498592098,0.8892542997455166,0,0.0
151,34,12688.74053548439,0.32578111925431585,12688.74053548439,0.32578111925431585,0,0.0
152,34,12690.83119119335,0.5097300753222953,12690.83119119335,0.5097300753222953,0,0.0
153,34,12692.543668170962,0.8770852088346146,12692.543668170962,0.8770852088346146,1,299.53662717594943
154,34,12696.867616089154,0.5492169915705745,12696.91340830308,0.503424777643886,1,138.27213386826966
155,34,12698.46772985789,0.4105860967283661,12698.46772985789,0.4105860967283661,0,0.0
156,34,12700.28981670237,0.499831478262422,12700.28981670237,0.499831478262422,1,186.18557713952927
157,34,12701.062056987357,0.40831297919066856,12701.062056987357,0.40831297919066856,0,0.0
158,34,12704.04795574442,0.3155421364972426,12704.04795574442,0.3155421364972426,0,0.0
159,34,12706.745439320333,0.49277401294420997,12706.745439320333,0.49277401294420997,1,106.44986120888187
160,34,12710.049864822482,0.4001855790393165,12710.049864822482,0.4001855790393165,1,221.94185327371062
161,34,12716.846027676358,0.4812295364736201,12716.846027676358,0.4812295364736201,0,0.0
162,34,12719.985607875768,0.47751362608869385,12720.02904176253,0.4340797393269895,1,120.78399031206834
163,34,12725.121020727262,0.4713021021379973,12725.121020727262,0.4713021021379973,1,213.53857416941884
164,34,12727.173362387502,0.38358454361332406,12727.173362387502,0.38358454361332406,0,0.0
165,34,12730.273412170423,0.46490041067954735,12730.273412170423,0.46490041067954735,0,0.0
166,34,12737.682538087647,0.4553884628767264,12737.682538087647,0.4553884628767264,0,0.0
167,34,12740.775604171304,0.4513076544026262,12740.816656956391,0.36925172419250885,1,154.73386956401052
168,34,12744.409818909147,0.4464279335061292,12744.409818909147,0.4058686020434834,1,210.28498261412005
169,34,12747.642724474545,0.6025873906146444,12747.642724474545,0.6025873906146444,0,0.0
170,34,12748.526131019753,0.5208650702206796,12748.526131019753,0.5208650702206796,0,0.0
171,34,12749.846659295983,0.5186956921806996,12749.846659295983,0.5186956921806996,0,0.0
172,34,12751.678196356017,0.43638505247508874,12751.678196356017,0.35708806522234227,1,125.1111351591105
173,34,12752.471166091145,0.6724239699815371,12752.471166091145,0.6724239699815371,0,0.0
174,34,12759.670562688958,0.42488628877799783,12759.670562688958,0.42488628877799783,0,0.0
175,34,12760.789368715336,0.269405111686865,12760.789368715336,0.269405111686865,0,0.0
176,34,12762.708121614225,0.4203852137270587,12762.708121614225,0.4203852137270587,0,0.0
177,34,12763.738853643543,1.0269394309161726,12763.738853643543,1.0269394309161726,1,478.99324545392113
178,34,12770.995804398717,0.4077181168631796,12770.995804398717,0.4077181168631796,0,0.0
179,34,12774.093093942065,0.4028327470932709,12774.093093942065,0.4028327470932709,0,0.0
180,34,12776.75442523176,0.6880279149936541,12776.75442523176,0.6880279149936541,0,0.0
181,34,12782.169207814457,0.708029783123493,12782.169207814457,0.708029783123493,1,365.39618712278
182,34,12783.829666271207,0.49230705388436036,12783.829666271207,0.49230705388436036,0,0.0
183,34,12785.72274298095,0.3139831848820904,12785.72274298095,0.3139831848820904,0,0.0
184,35,12744.44668761685,0.4615118738711317,12744.44668761685,0.4615118738711317,0,0.0
185,35,12748.43773595513,0.5612386242664797,12748.43773595513,0.5612386242664797,0,0.0
186,35,12752.40872393299,0.6598433151466452,12752.40872393299,0.6598433151466452,0,0.0
187,35,12759.63500839011,0.4524128953307809,12759.63500839011,0.4524128953307809,0,0.0
188,35,12763.746306590687,1.4481932683684136,12763.746306590687,1.4481932683684136,0,0.0
189,35,12771.005769333548,0.44490483404661063,12771.005769333548,0.44490483404661063,0,0.0
190,35,12774.01522678082,0.4428188973906799,12774.01522678082,0.4428188973906799,0,0.0
191,35,12776.814487559574,0.5387637295134482,12776.814487559574,0.5387637295134482,0,0.0
192,35,12782.132250948072,0.8251494956311944,12782.132250948072,0.8251494956311944,1,549.0256320358021
193,35,12783.829831838964,0.5325142822057387,12783.829831838964,0.5325142822057387,1,151.8213931931286
194,35,12785.570798253504,0.6273995082119654,12785.570798253504,0.6273995082119654,0,0.0
195,35,12794.576683267429,0.5224086332582374,12794.671704372382,0.3324418739757675,1,71.75383530467018
196,35,12797.514518020698,0.5195334696945793,12797.514518020698,0.5195334696945793,0,0.0
197,35,12801.328099995315,0.4219985121198988,12801.328099995315,0.4219985121198988,1,308.89038115646036
198,35,12803.948193280856,0.5130668138481269,12803.9948574209,0.4664026738046232,1,204.5816361812143
199,35,12806.69393125458,0.5102353838265117,12806.69393125458,0.5102353838265117,1,808.6272832029874
200,35,12809.7012405118,0.5531567097514198,12809.7012405118,0.5531567097514198,0,0.0
201,35,12819.198071675233,0.40650657786136435,12819.198071675233,0.40650657786136435,0,0.0
202,35,12824.453659126833,0.49086653587619367,12824.453659126833,0.49086653587619367,1,223.0909660045657
203,35,12834.29417746777,0.47932479387600324,12834.29417746777,0.47932479387600324,1,349.30434464073886
204,35,12845.256032022065,0.5503746737813344,12845.256032022065,0.5503746737813344,1,189.95147213375415
205,35,12866.414922681071,0.4372910969032091,12866.414922681071,0.4372910969032091,1,124.26183892276252
206,35,12887.839579067724,0.40505742556888436,12887.839579067724,0.40505742556888436,0,0.0
207,35,12903.499534105971,0.31011743451563234,12903.499534105971,0.31011743451563234,0,0.0
208,35,12905.387784516242,0.5802941610545531,12905.387784516242,0.5802941610545531,1,703.8503141269945
209,36,12866.322036640497,0.5629620185991371,12866.322036640497,0.5629620185991371,0,0.0
210,36,12887.758049627364,0.44667542053684883,12887.758049627364,0.44667542053684883,0,0.0
211,36,12903.104546116527,0.7255129658351507,12903.104546116527,0.7255129658351507,0,0.0
212,36,12905.374705018596,0.6262960290932824,12905.374705018596,0.6262960290932824,1,1659.2764494810508
213,36,12915.167841173818,0.6149721524816414,12915.167841173818,0.6149721524816414,1,167.9013837077467
214,36,12920.722920209724,0.8420187261235696,12920.769736534898,0.7952024009500747,1,841.0905002265656
215,36,12942.496971666182,0.49080580212103087,12942.496971666182,0.49080580212103087,1,141.83909451095386
216,36,12943.388920856065,0.4007604340567923,12943.388920856065,0.4007604340567923,1,223.76492667008847
217,36,12971.115886523892,0.45497581009112764,12971.115886523892,0.45497581009112764,0,0.0
218,36,12972.767405197017,0.2881813777730713,12972.767405197017,0.2881813777730713,0,0.0
219,36,12985.209945804027,0.9094817249042535,12985.209945804027,0.9094817249042535,1,467.3184776621215
220,36,13019.948620608753,3.3961073581394885,13019.948620608753,3.3961073581394885,0,0.0
221,37,13012.896292157931,0.34528412475083314,13012.896292157931,0.34528412475083314,0,0.0
222,37,13020.981695595687,0.9237942592408217,13020.981695595687,0.9237942592408217,1,1226.6806425378948
223,37,13052.33182756794,0.7764867106725433,13052.33182756794,0.7764867106725433,1,846.9519364145946
224,37,13084.171570519442,1.8096119199035456,13084.84600753074,0.8412249165703543,1,2051.2958801440127
225,37,13127.580051611281,0.4723402219278796,13127.580051611281,0.4723402219278796,1,298.96233277337643
226,38,13085.016542381889,0.2650750817192602,13085.016542381889,0.2650750817192602,0,0.0
227,38,13085.440624847784,0.2649494202923961,13085.440624847784,0.2649494202923961,0,0.0
228,38,13127.583574443544,0.45026671488994907,13127.583574443544,0.45026671488994907,1,371.9484316118944
229,38,13156.192415531264,1.0449704936017952,13156.192415531264,1.0449704936017952,1,872.0755924855237
230,38,13210.422447403083,0.7905409082432016,13210.422447403083,0.7905409082432016,1,380.80190517324314
231,38,13222.283917094303,1.1618645463204302,13222.283917094303,1.1618645463204302,0,0.0
232,38,13235.853832917635,0.5355409596359095,13235.853832917635,0.5355409596359095,1,286.99573455738744
233,38,13236.771253829442,0.41944256171518646,13236.771253829442,0.41944256171518646,1,248.44393406871805
234,39,13210.354339987398,0.7970149221346219,13210.354339987398,0.7970149221346219,0,0.0
235,39,13235.82813712121,0.4625678104330291,13235.82813712121,0.4625678104330291,1,240.13615116115776
236,39,13236.65026460518,0.5646408814500319,13236.65026460518,0.5646408814500319,1,226.45954828459367
237,39,13263.991345443406,0.44193783036280365,13263.991345443406,0.44193783036280365,0,0.0
238,39,13301.708530327383,0.590484288873995,13301.708530327383,0.590484288873995,0,0.0
239,39,13323.945539024973,0.3862728929580044,13323.945539024973,0.3862728929580044,1,179.41142287435963
240,39,13324.931855999967,0.5562836599201546,13324.931855999967,0.5562836599201546,0,0.0
241,40,13400.624466442834,0.6272359149497788,13400.624466442834,0.6272359149497788,0,0.0
242,40,13422.06159620821,0.41502880044208723,13422.06159620821,0.41502880044208723,1,114.75291481401399
243,41,13527.869266282245,0.7269742641055927,13527.869266282245,0.7269742641055927,0,0.0
244,43,14102.779143844493,0.4039871809854958,14102.779143844493,0.4039871809854958,0,0.0
245,43,14133.328099491642,1.634966879428248,14133.328099491642,1.634966879428248,0,0.0
246,43,14162.787894331466,0.32931093214210705,14162.787894331466,0.32931093214210705,0,0.0
247,44,14162.428389312725,1.4880152831701707,14162.428389312725,1.4880152831701707,1,231.0368030539878
248,44,14265.402395970916,1.7270107964977797,14265.402395970916,1.7270107964977797,0,0.0
249,44,14292.0354272345,0.6910820431294269,14292.0354272345,0.6910820431294269,0,0.0
250,45,14292.082375058499,0.4906505350572843,14292.082375058499,0.4906505350572843,0,0.0
251,45,14293.226686620854,0.5986462381006277,14293.226686620854,0.5986462381006277,0,0.0
252,45,14341.994633777354,0.6007988276378455,14341.994633777354,0.6007988276378455,0,0.0
253,45,14355.969413380139,0.5835127698719589,14356.018067892304,0.43765787004304,1,200.2777424542554
254,45,14356.84440305404,0.5338898979480291,14356.84440305404,0.48538037282560254,1,444.8878587762765
255,45,14373.286956113352,0.4204856235446641,14373.286956113352,0.4204856235446641,0,0.0
256,45,14402.3446497727,0.5609574238496862,14402.3446497727,0.5609574238496862,0,0.0
257,46,14518.546734048059,0.985751402708047,14518.546734048059,0.985751402708047,1,2241.5455347526945
258,46,14525.350384401101,0.41559179549949476,14525.350384401101,0.41559179549949476,0,0.0
259,46,14563.712155985717,0.5355396677277895,14563.712155985717,0.5355396677277895,1,619.1292384521528
260,47,14563.656968737423,0.6248631581202062,14563.656968737423,0.6248631581202062,1,562.1491261077247
261,47,14604.212678582677,1.1780039940349525,14604.212678582677,1.1780039940349525,1,1512.485385803191
262,47,14664.651286030172,0.8065920459921472,14664.651286030172,0.8065920459921472,1,450.00942127881484
263,47,14697.70818992363,0.5638467865355778,14697.70818992363,0.4771645467299095,1,324.92892890169077
264,47,14698.575242862396,0.5623469751481025,14698.575242862396,0.5623469751481025,1,520.9104537678139
265,47,14701.591734519441,1.2840971446657932,14701.591734519441,1.2840971446657932,0,0.0
266,48,14697.753559069031,0.5250269912685326,14697.753559069031,0.5250269912685326,1,179.11473028079553
267,48,14698.511831564616,0.6411076447457162,14698.511831564616,0.6411076447457162,1,316.27797299146533
268,48,14739.483803766467,1.1043840300044394,14739.594324211688,0.9386877289653057,1,137.2241102634301
269,48,14755.261913234483,1.0235221057664603,14755.261913234483,1.0235221057664603,0,0.0
270,48,14772.00394097129,0.7850104295557685,14772.00394097129,0.7850104295557685,1,382.0757335520577
271,48,14783.198212934305,0.9732753563912411,14783.198212934305,0.9732753563912411,1,939.3623541034365
272,48,14798.991575188611,0.5456345505554054,14798.991575188611,0.5456345505554054,1,470.32485109270306
273,48,14800.13171043083,0.5442825981663191,14800.13171043083,0.5442825981663191,1,365.93631873459924
274,48,14805.34958713707,0.8311960853516212,14805.34958713707,0.8311960853516212,0,0.0
275,48,14832.626697503963,0.8225155069994798,14832.626697503963,0.8225155069994798,1,1865.2036194716782
276,48,14864.110832908234,0.5397431986530137,14864.110832908234,0.5397431986530137,1,440.19253341226954
277,49,14864.075009730646,0.5208206942315883,14864.075009730646,0.5208206942315883,1,316.8037326362584
278,49,14885.482976654304,2.583452983704774,14885.651753869763,2.414675768246525,1,2129.292307789087
279,49,14908.000905964958,0.4890867992016865,14908.000905964958,0.4890867992016865,1,151.9238651850399
280,49,14909.4669895776,0.4879089159294381,14909.4669895776,0.4879089159294381,1,153.92414056482795
281,49,14926.569350217038,1.4195269299416395,14926.569350217038,1.4195269299416395,0,0.0
282,49,14931.443159580267,0.8340363256429555,14931.443159580267,0.8340363256429555,1,1131.866312885672
283,49,15024.863339504705,0.44912640225084033,15024.863339504705,0.44912640225084033,0,0.0
284,50,15052.301886231666,1.1714421258348011,15052.301886231666,1.1714421258348011,1,704.1653850064383
285,50,15054.976397654265,1.0556367742210568,15054.976397654265,1.0556367742210568,1,6936.420325058311
286,50,15063.15340251943,0.49383153048620443,15063.15340251943,0.49383153048620443,1,126.75345470708825
287,50,15064.305060905206,0.4929080366237031,15064.305060905206,0.4929080366237031,1,136.62036692850455
288,50,15068.237187003908,0.5984912286367035,15068.291620034255,0.5440581982893491,1,1323.2690171296067
289,50,15069.053162882921,0.48905049972745473,15069.053162882921,0.48905049972745473,1,1358.8943707224585
290,50,15081.37052440895,0.584976569212813,15081.37052440895,0.584976569212813,0,0.0
291,50,15087.086996678936,0.5788523814335349,15087.086996678936,0.5788523814335349,1,390.4865357184201
292,50,15088.874145031268,0.5769071934373642,15088.874145031268,0.5769071934373642,1,367.5232910062137
293,50,15111.800963403766,0.5506219939416042,15111.90112573908,0.35039582556055393,1,148.17866611164234
294,50,15115.045016347342,0.5466969433146005,15115.045016347342,0.49702475847880123,1,87.4840919206021
295,50,15143.874554215558,0.6019375010619115,15143.874554215558,0.6019375010619115,0,0.0
296,50,15147.563250754465,0.8706030280536652,15147.563250754465,0.8706030280536652,0,0.0
297,50,15186.371327309009,1.2932406996496866,15186.371327309009,1.2932406996496866,0,0.0
298,51,15184.1893480681,5.767827233572461,15184.1893480681,5.767827233572461,0,0.0
299,51,15240.344764535923,1.9832390390292858,15240.398458709615,1.2335389743020642,1,6734.077815090443
300,51,15282.434886590374,0.4432489273312967,15282.434886590374,0.4432489273312967,0,0.0
301,51,15287.528951587605,0.5352095510170329,15287.528951587605,0.5352095510170329,1,2451.476254814353
302,51,15310.602582764559,0.8702836115862738,15310.602582764559,0.8702836115862738,0,0.0
303,51,15331.80087792113,1.1590007363029144,15331.80087792113,1.1590007363029144,1,4650.5216261029655
304,52,15331.733895416166,1.2601014441224834,15331.733895416166,1.2601014441224834,1,3227.946099330773
305,52,15376.495797480347,0.39593740507552866,15376.495797480347,0.39593740507552866,0,0.0
306,52,15391.702889354538,0.7175342959762929,15391.702889354538,0.7175342959762929,0,0.0
307,52,15394.897556244341,0.8234133993519208,15394.897556244341,0.8234133993519208,1,1980.461769155287
308,52,15415.767021652562,1.1097892726065766,15415.767021652562,1.1097892726065766,0,0.0
309,52,15426.239577319482,0.6731719521085324,15426.239577319482,0.6731719521085324,0,0.0
310,52,15429.441736662362,0.5659126991031371,15429.441736662362,0.5659126991031371,0,0.0
311,52,15431.393871609584,0.5635998563284375,15431.393871609584,0.5635998563284375,1,2564.6623902221854
312,52,15432.315776537283,0.5625012781947589,15432.315776537283,0.5625012781947589,1,2500.7325070330935
313,52,15438.36520267013,0.8577354278313578,15438.36520267013,0.8577354278313578,0,0.0
314,52,15461.568579826759,1.09783465696637,15461.568579826759,1.09783465696637,0,0.0
315,52,15467.780024421409,0.5639467458131548,15467.780024421409,0.5639467458131548,0,0.0
316,52,15473.705303831608,0.9244010469901696,15473.705303831608,0.9244010469901696,0,0.0
317,52,15487.85340153601,0.48811632064462174,15487.85340153601,0.48811632064462174,0,0.0
318,52,15488.563146566374,0.48704973340682045,15488.563146566374,0.48704973340682045,0,0.0
319,52,15500.219665759509,1.1924762829239626,15500.347661692509,1.0644803499235422,1,370.10479967880855
320,52,15509.293482077628,0.9491788019440719,15509.334819037535,0.9078418420376693,1,590.4752446147472
321,52,15517.517148292212,0.36047205361865053,15517.517148292212,0.36047205361865053,0,0.0
322,53,15500.241986415784,1.1465753606662474,15500.241986415784,1.1465753606662474,1,356.5551570178509
323,53,15509.13206150876,1.0747102073382848,15509.19180513106,1.0149665850385645,1,628.7162653441444
324,53,15531.682502496358,0.6375816265335743,15531.682502496358,0.6375816265335743,0,0.0
325,53,15539.409808597253,0.515882407049503,15539.409808597253,0.515882407049503,1,934.5114556957118
326,53,15540.612918740622,0.6293397433673817,15540.612918740622,0.6293397433673817,1,962.4605537410658
327,53,15545.630966819304,0.9649820300237479,15545.630966819304,0.9649820300237479,1,1395.737630441709
328,53,15569.643195723564,0.9273933076055982,15569.643195723564,0.9273933076055982,1,864.0207522850284
329,53,15580.670378339339,0.4813510638741718,15580.670378339339,0.4813510638741718,0,0.0
330,53,15597.150475748074,0.87956952921013,15597.150475748074,0.87956952921013,1,3392.7340165002147
331,53,15612.18224057199,0.751092299073207,15612.18224057199,0.751092299073207,0,0.0
332,53,15630.663864906355,1.1961293927306542,15630.663864906355,1.1961293927306542,1,1648.4133245667658
333,53,15654.50442406607,1.1188154192423099,15654.50442406607,1.1188154192423099,1,2779.321830279572
334,53,15655.846544148488,0.5798764259361633,15655.846544148488,0.5798764259361633,1,275.237591200546
335,53,15657.494243618341,0.576930547671509,15657.494243618341,0.576930547671509,1,309.72017211216746
336,54,15653.178464552293,3.2822220348934934,15653.674622180028,2.7860644071588467,1,1704.6472044580978
337,54,15657.078693382524,0.926242542655018,15657.078693382524,0.926242542655018,0,0.0
338,54,15701.48749418294,1.4604760850288585,15701.838283698225,1.1096865697436442,1,1005.2394445126937
339,54,15737.44974832543,0.9388977027192595,15737.44974832543,0.9388977027192595,0,0.0
340,54,15738.885087914246,0.8264451778304647,15738.885087914246,0.8264451778304647,0,0.0
341,54,15746.116468567308,0.92449754757763,15746.116468567308,0.92449754757763,0,0.0
342,54,15751.20874357693,0.9158013146843587,15751.20874357693,0.9158013146843587,0,0.0
343,54,15759.28757202088,1.8016721370986488,15759.659030324889,1.4302138330895104,1,220.79890839947123
344,54,15764.935735200037,0.9438579289362679,15764.935735200037,0.9438579289362679,0,0.0
345,54,15767.239723976456,0.5742925219838071,15767.239723976456,0.5742925219838071,0,0.0
346,54,15773.828454864099,1.0806320956689888,15773.828454864099,1.0806320956689888,0,0.0
347,54,15779.0535673344,0.712506184265294,15779.0535673344,0.712506184265294,0,0.0
348,54,15780.52821836781,0.8621930797671666,15780.781977947796,0.608433499781313,1,176.70596173541807
349,54,15782.402615952089,0.9594477073387679,15782.705825558254,0.6562381011735852,1,132.51021656974206
350,54,15792.7421089506,1.084115791018121,15792.7421089506,1.084115791018121,0,0.0
351,54,15806.325590729051,2.2815430083974206,15806.325590729051,2.2815430083974206,0,0.0
352,54,15829.315579507007,1.6473686003337207,15829.717070948118,1.2458771592228004,1,748.9245040319863
353,54,15832.159727336257,1.5886660382748232,15832.513459902486,1.2349334720456682,1,7602.91456715695
354,54,15841.227224597213,0.9860532716083981,15841.227224597213,0.9860532716083981,0,0.0
355,54,15842.384426717661,0.9821570908243302,15842.384426717661,0.9821570908243302,0,0.0
356,54,15847.051619478327,1.67826897427949,15847.304003161695,1.4258852909115376,1,2042.0538820041
357,55,15829.538772862996,1.4958258093356562,15829.60114680602,1.433451866310861,1,445.85856168262694
358,55,15832.590190372295,1.428822667843633,15832.590190372295,1.428822667843633,1,5250.506277253657
359,55,15841.621795791676,0.6767383801779943,15841.621795791676,0.6767383801779943,0,0.0
360,55,15842.667441308158,0.6759202257944708,15842.667441308158,0.6759202257944708,0,0.0
361,55,15847.26541060543,1.466079121986695,15847.26541060543,1.466079121986695,1,2348.3847459927147
362,55,15861.568316402383,0.5403684100383543,15861.568316402383,0.5403684100383543,0,0.0
363,55,15868.027528723926,0.6547749057008332,15868.027528723926,0.6547749057008332,1,511.0018830867571
364,55,15869.871318676014,0.6531395499096107,15869.871318676014,0.6531395499096107,1,461.3161373839476
365,55,15872.184364051094,0.6510690701124986,15872.184364051094,0.6510690701124986,0,0.0
366,55,15882.063486387835,0.7586481016060134,15882.063486387835,0.7586481016060134,0,0.0
367,55,15895.35985818912,0.6291496855064906,15895.35985818912,0.6291496855064906,1,122.23462105153497
368,55,15897.530631782369,0.5130350922736397,15897.530631782369,0.5130350922736397,0,0.0
369,55,15898.556281298379,0.6259566810585966,15898.556281298379,0.6259566810585966,1,146.66396899561187
370,55,15901.679753224462,0.8491100504434144,15901.679753224462,0.8491100504434144,0,0.0
371,55,15914.45760434708,0.6094448636013112,15914.51303542475,0.4986367164801777,1,76.19627320234504
372,55,15916.781054501533,0.6069433165957889,15916.781054501533,0.6069433165957889,1,135.1458789136377
373,55,15924.565380767188,0.8158255420330534,15924.565380767188,0.8158255420330534,0,0.0
374,55,15929.225881036837,0.8086717515488999,15929.225881036837,0.8086717515488999,0,0.0
375,55,15934.433063773618,0.5871745409385767,15934.433063773618,0.5871745409385767,0,0.0
376,55,15972.036762667518,1.4227365272108727,15972.233302023036,1.0302576359463274,1,2711.1143063683
377,56,16029.696851676517,2.6312477394913003,16030.00324909845,2.0193306673700135,1,5957.315484304516
378,56,16056.73882423435,0.7683067374509847,16056.797954790498,0.6501057191089785,1,70.29421107326954
379,56,16059.571432963097,0.529823621358446,16059.571432963097,0.529823621358446,0,0.0
380,56,16073.558468479627,0.7491268871854118,16073.558468479627,0.7491268871854118,0,0.0
381,56,16079.412370360573,0.6280206038172764,16079.412370360573,0.6280206038172764,1,3595.5655123041406
382,56,16127.968473344734,1.1981065243162448,16127.968473344734,1.1981065243162448,1,10562.174181297643
383,56,16159.067870462486,1.2095294710616145,16159.067870462486,1.2095294710616145,0,0.0
384,56,16194.18765033716,0.7417463399779081,16194.18765033716,0.7417463399779081,1,1643.5236606385722
385,56,16208.171395140178,0.539927455398356,16208.171395140178,0.539927455398356,0,0.0
386,57,16194.061571650504,0.9453440640954796,16194.061571650504,0.9453440640954796,1,1503.4326726531685
387,57,16229.682418622857,0.6636526292568306,16229.682418622857,0.6636526292568306,0,0.0
388,57,16234.555222195439,0.6592116513784276,16234.555222195439,0.6592116513784276,1,3036.268752086473
389,57,16235.513874633822,0.6583271437175426,16235.513874633822,0.6583271437175426,1,3059.0723480815655
390,57,16245.029047952214,1.5338293687709665,16245.029047952214,1.5338293687709665,0,0.0
391,57,16251.962068832509,1.2845498505412252,16251.962068832509,1.2845498505412252,0,0.0
392,57,16259.053236822021,0.6354808702762966,16259.053236822021,0.6354808702762966,0,0.0
393,57,16269.54055455146,1.475241219608506,16269.54055455146,1.475241219608506,0,0.0
394,57,16279.06302140712,1.22795565432898,16279.06302140712,1.22795565432898,0,0.0
395,57,16301.711021137546,1.1759491947032075,16301.711021137546,1.069161304492809,1,310.54636807148523
396,57,16303.153837963977,0.7997272177181003,16303.153837963977,0.7997272177181003,0,0.0
397,57,16307.139307079939,0.5817615972246131,16307.139307079939,0.5817615972246131,0,0.0
398,57,16307.879607452966,0.5808557604195812,16307.879607452966,0.5808557604195812,1,103.9206579134712
399,57,16315.01088050348,1.0394626379093097,16315.01088050348,1.0394626379093097,0,0.0
400,57,16316.621031491328,1.0357651699487178,16316.621031491328,1.0357651699487178,1,1821.8350480104375
401,57,16341.15458462599,1.1227990555053111,16341.15458462599,1.1227990555053111,1,786.3626568872178
402,57,16350.379086907036,0.524330887301403,16350.379086907036,0.524330887301403,1,1495.27298288379
403,57,16351.66472901815,0.5224713565203274,16351.66472901815,0.5224713565203274,1,1515.477387999562
404,57,16356.480329156531,0.4217643031679472,16356.480329156531,0.4217643031679472,0,0.0
405,57,16359.979414041927,0.7418708103268727,16359.979414041927,0.695551357950535,1,304.1005984517592
406,57,16363.626631743127,0.412993232923327,16363.626631743127,0.412993232923327,0,0.0
407,57,16364.635261849198,0.5031609664965799,16364.635261849198,0.5031609664965799,0,0.0
408,57,16368.59374743032,0.6776168495998718,16368.59374743032,0.6776168495998718,0,0.0
409,57,16387.91142619344,1.1840007249629707,16387.91142619344,1.1840007249629707,1,1038.8256820357246
410,58,16387.86025304933,1.1335475196683547,16387.86025304933,1.1335475196683547,1,1396.048663335068
411,58,16414.51989840248,0.9137281301227631,16414.51989840248,0.9137281301227631,1,846.2724004980947
412,58,16441.429769411006,1.171317301257659,16441.429769411006,1.171317301257659,1,4048.051872274152
413,58,16446.916218920145,1.277157244268892,16446.916218920145,1.277157244268892,1,735.7308372986732
414,58,16454.482093716342,0.7456706156044675,16454.482093716342,0.7456706156044675,0,0.0
415,58,16475.334959063654,0.6080467135543586,16475.334959063654,0.6080467135543586,1,836.565372836204
416,58,16476.99162632535,0.6061441861711501,16476.99162632535,0.6061441861711501,1,749.9283088689398
417,58,16478.753013101697,0.604108503270254,16478.753013101697,0.604108503270254,1,2000.6940044644564
418,58,16501.682084834807,1.6224133036921558,16501.682084834807,1.6224133036921558,1,5017.447348387479
419,58,16527.726998065857,0.4433511810930213,16527.726998065857,0.4433511810930213,0,0.0
420,58,16538.658338082056,0.7174109074876469,16538.658338082056,0.7174109074876469,0,0.0
421,58,16542.75213322907,0.7092224644802627,16542.75213322907,0.7092224644802627,0,0.0
422,58,16553.46891161384,0.9615799924213206,16553.46891161384,0.9615799924213206,1,1164.2420433719712
423,59,16553.352159330567,0.9784331565861066,16553.352159330567,0.9784331565861066,1,870.2256578956558
424,59,16585.364645951067,0.6927246989034757,16585.364645951067,0.6927246989034757,0,0.0
425,59,16586.434975883447,0.8175511537447164,16586.434975883447,0.8175511537447164,0,0.0
426,59,16604.96763239558,0.9211315863212803,16604.96763239558,0.9211315863212803,0,0.0
427,59,16609.683926807134,0.5492724948380783,16609.683926807134,0.5492724948380783,1,269.52280395833264
428,59,16611.69588489108,0.6694030214239319,16611.69588489108,0.6694030214239319,1,204.80963916692062
429,59,16666.258004819578,0.779585262422188,16666.258004819578,0.779585262422188,0,0.0
430,59,16688.556205842684,1.277390652368922,16688.556205842684,1.277390652368922,1,1410.544222276957
431,59,16691.796070163204,1.1101386739428563,16691.796070163204,1.1101386739428563,1,13263.969922430373
432,59,16701.742117719943,0.6724220693395182,16701.742117719943,0.6724220693395182,1,149.23162503536886
433,59,16702.87945204393,0.6706570274363912,16702.982697981308,0.4643010337713349,1,206.44508703752643
434,59,16706.683075447243,5.03545392862361,16708.011424702152,1.5783072178601287,1,4363.117819594463
435,59,16711.870164924254,0.4545691055136558,16711.870164924254,0.4545691055136558,0,0.0
436,59,16717.839557201652,0.547299417485192,16717.839557201652,0.547299417485192,0,0.0
437,59,16718.585685523198,0.5462592694530031,16718.585685523198,0.5462592694530031,0,0.0
438,59,16723.130857421333,1.225840357477864,16723.130857421333,1.225840357477864,0,0.0
439,59,16725.090297264815,0.6346294613067585,16725.090297264815,0.6346294613067585,0,0.0
440,59,16731.24400066551,0.6240924695812282,16731.24400066551,0.6240924695812282,1,599.3743186689591
441,59,16732.682579946595,1.0035714352743526,16732.682579946595,1.0035714352743526,1,574.4486633700063
442,59,16733.97236609076,0.6193384661855816,16733.97236609076,0.6193384661855816,0,0.0
443,59,16753.47350553101,0.6734991559314949,16753.47350553101,0.6734991559314949,0,0.0
444,59,16755.89118648012,0.668176380397199,16755.89118648012,0.668176380397199,0,0.0
445,59,16761.457778666347,0.9175730158203805,16761.545292266965,0.7427972333571233,1,135.91901588801673
446,60,16761.510035290696,0.7135260812538036,16761.510035290696,0.7135260812538036,0,0.0
447,60,16764.87817626349,0.710894917796395,16764.87817626349,0.710894917796395,0,0.0
448,60,16804.526781244145,0.7997751003858866,16804.526781244145,0.7997751003858866,0,0.0
449,60,16839.851133040134,1.4569498772980296,16839.851133040134,1.4569498772980296,1,2234.9627496751914
450,60,16871.014893054802,0.49610816405402147,16871.014893054802,0.49610816405402147,0,0.0
451,60,16876.44532418768,0.7087008176531526,16876.44532418768,0.7087008176531526,0,0.0
452,60,16888.83209963192,0.5842983181901218,16888.83209963192,0.5842983181901218,0,0.0
453,60,16890.476847856993,0.582195429589774,16890.476847856993,0.582195429589774,0,0.0
454,60,16899.442520508528,0.7777754099370213,16899.442520508528,0.7777754099370213,0,0.0
455,60,16903.16298874609,1.0790085724001983,16903.16298874609,1.0790085724001983,1,8736.256048428666
456,60,16907.00383977581,0.7639132228650851,16907.00383977581,0.7639132228650851,0,0.0
457,60,16908.53024388612,0.6596738314838149,16908.53024388612,0.6596738314838149,0,0.0
458,60,16909.848521240307,0.6575323042270611,16909.848521240307,0.6575323042270611,0,0.0
459,60,16954.58037965676,0.8000286016103928,16954.58037965676,0.8000286016103928,1,1831.4752395404491
460,61,16954.522931083357,0.9877028968330706,16954.522931083357,0.9877028968330706,1,2035.1883429232767
461,61,17008.032830895467,1.2332829137376393,17008.032830895467,1.2332829137376393,1,8824.973998430274
462,61,17054.373088222383,0.6303639120305888,17054.373088222383,0.6303639120305888,0,0.0
463,61,17056.033417491806,1.7693410114879953,17056.033417491806,1.7693410114879953,0,0.0
464,61,17070.52865192776,0.500424013567681,17070.52865192776,0.500424013567681,1,110.52059867644934
465,61,17073.855530611738,0.49714488477184204,17073.855530611738,0.49714488477184204,1,77.74490988662754
466,61,17077.92849400698,0.8762380072039377,17077.92849400698,0.8762380072039377,1,3060.657058381936
467,61,17104.611222057865,0.8777135633499711,17104.611222057865,0.8777135633499711,0,0.0
468,61,17109.03250448951,0.7663157400202181,17109.03250448951,0.7663157400202181,0,0.0
469,61,17114.517768828562,0.8565911483419768,17114.517768828562,0.8565911483419768,0,0.0
470,61,17122.851552654753,0.6411503183262539,17122.851552654753,0.6411503183262539,1,2691.073042158643
471,61,17123.83748218397,0.6394576551538194,17123.83748218397,0.6394576551538194,1,2679.8540311204583
472,62,17188.8362042153,0.8340375868574483,17188.8362042153,0.8340375868574483,0,0.0
473,62,17196.247664703347,0.4450150622142246,17196.247664703347,0.4450150622142246,0,0.0
474,62,17209.61069289661,1.4976801400407567,17209.61069289661,1.4976801400407567,1,1511.4002019075485
475,62,17215.21089476401,0.8052749989365111,17215.21089476401,0.8052749989365111,0,0.0
476,62,17221.258560784365,1.3503554428498319,17221.258560784365,1.3503554428498319,0,0.0
477,62,17229.744998530798,0.6669613172452955,17229.744998530798,0.6669613172452955,0,0.0
478,62,17232.106593717148,0.8456516366568394,17232.106593717148,0.8456516366568394,0,0.0
479,62,17242.418431340506,1.306682074064156,17242.477886778783,1.069207854117849,1,281.04313424405507
480,62,17243.90307999814,1.0074904877037625,17243.90307999814,1.0074904877037625,0,0.0
481,62,17247.569339636895,0.648124257397285,17247.569339636895,0.648124257397285,1,1732.0716792997523
482,62,17248.982516405005,0.6465790088404901,17248.982516405005,0.6465790088404901,1,1697.6725958782163
483,62,17256.926534610146,1.3326512376552273,17257.04254221199,1.2166436358093051,1,224.0116989216015
484,62,17268.29521945069,0.7949088424247748,17268.29521945069,0.7949088424247748,0,0.0
485,62,17275.29434960597,0.7283420227868191,17275.29434960597,0.7283420227868191,0,0.0
486,62,17282.3098716312,1.1597222456730378,17282.3098716312,1.1597222456730378,1,757.1552218664979
487,62,17312.70037634695,0.774678413887159,17312.70037634695,0.774678413887159,0,0.0
488,62,17326.57066596023,0.6483437395800138,17326.57066596023,0.6483437395800138,0,0.0
489,62,17330.295818768416,1.1349564121883304,17330.295818768416,1.1349564121883304,1,1272.9664686844378
490,62,17350.467401387996,1.3492825268040178,17350.607244539067,1.2094393757324724,1,384.48996930676805
491,62,17359.24981272355,1.0409520311259257,17359.24981272355,1.0409520311259257,1,432.7692081141088
492,63,17350.316191603506,1.5670557843222923,17350.316191603506,1.5670557843222923,1,350.6996749548023
493,63,17359.209866759466,1.0133959825398051,17359.209866759466,1.0133959825398051,1,478.17030047117913
494,63,17382.447647766432,0.8567324113464565,17382.447647766432,0.8567324113464565,1,514.438155887911
495,63,17384.226076776704,0.8549875052412972,17384.226076776704,0.8549875052412972,1,432.37301848432736
496,63,17385.54109292659,1.9032201676163822,17385.54109292659,1.9032201676163822,1,2183.737076404281
497,63,17415.409192818373,0.6958234453086334,17415.409192818373,0.6958234453086334,0,0.0
498,63,17426.712175870933,0.6849395718418236,17426.712175870933,0.6849395718418236,1,1239.815903375477
499,63,17428.267881359166,0.6834055926265137,17428.267881359166,0.6834055926265137,0,0.0
500,63,17449.37516840695,1.1425231256434927,17449.37516840695,1.1425231256434927,1,3488.3633946168425
501,63,17500.340429766373,0.6022245036983804,17500.340429766373,0.6022245036983804,0,0.0
502,63,17501.38015342865,0.7100691990744963,17501.434812251886,0.600827794361976,1,128.56323353715544
503,63,17505.461909394176,0.9202113757201005,17505.461909394176,0.9202113757201005,1,1247.4102351676227
504,63,17527.90779418024,0.6680382212762197,17527.90779418024,0.6680382212762197,1,232.27766838088442
505,63,17530.16436066382,0.5621501949826779,17530.16436066382,0.5621501949826779,1,186.05292320591616
506,63,17536.404725913297,0.4526793703225849,17536.404725913297,0.4526793703225849,0,0.0
507,63,17543.33598930045,0.5430133749796369,17543.33598930045,0.5430133749796369,0,0.0
508,64,17611.730050032635,0.5877114392969816,17611.730050032635,0.5877114392969816,0,0.0
509,64,17618.495232994268,0.4532804719674459,17618.495232994268,0.4532804719674459,0,0.0
510,64,17623.33809824964,0.7077327532024356,17623.33809824964,0.7077327532024356,0,0.0
511,64,17628.21444359326,0.7031720198574476,17628.21444359326,0.7031720198574476,0,0.0
512,64,17649.140362617858,1.3645986018855183,17649.140362617858,1.3645986018855183,1,1020.0841679180684
513,64,17652.670165438543,1.0491156956304621,17652.670165438543,1.0491156956304621,1,9104.539236266137
514,64,17661.32075806329,0.669975448603509,17661.32075806329,0.669975448603509,0,0.0
515,64,17663.875008289793,0.6672490646706137,17663.875008289793,0.6672490646706137,0,0.0
516,64,17665.087655734016,0.7869502541288966,17665.087655734016,0.7869502541288966,1,178.1567418796035
517,64,17671.055257216965,1.4977109918763745,17671.055257216965,1.4977109918763745,1,3323.037327870352
518,64,17675.953698932262,0.535166234436474,17675.953698932262,0.535166234436474,0,0.0
519,64,17683.812213274243,0.6451234086453042,17683.812213274243,0.6451234086453042,1,146.25935120468534
520,64,17686.446663330324,0.6420852655937779,17686.446663330324,0.6420852655937779,0,0.0
521,64,17688.777947600927,0.4069607403034752,17688.777947600927,0.4069607403034752,0,0.0
522,64,17690.05594804005,0.6378783969121287,17690.05594804005,0.6378783969121287,0,0.0
523,64,17697.088567551313,0.7439103688011528,17697.088567551313,0.7439103688011528,1,286.39935668346635
524,64,17699.031944993447,0.6271893688171986,17699.031944993447,0.6271893688171986,1,607.8457556204845
525,64,17731.371110001255,0.6922630087174184,17731.371110001255,0.6922630087174184,1,191.26172549766022
526,64,17734.87420368871,0.5810672209809127,17734.87420368871,0.5810672209809127,1,142.63232767993463
527,64,17778.189890534224,0.5167366380956082,17778.189890534224,0.5167366380956082,0,0.0
528,65,17819.177819908444,0.6014508250664221,17819.177819908444,0.6014508250664221,0,0.0
529,65,17835.13652747005,0.98304979117529,17835.13652747005,0.98304979117529,0,0.0
530,65,17853.47543410987,0.9595919655075704,17853.47543410987,0.9595919655075704,0,0.0
531,65,17877.38709617371,6.02960881733452,17879.115671794923,2.399895405073039,1,6488.320579642157
532,65,17993.263060941328,1.3946364175826602,17993.263060941328,1.3946364175826602,1,3957.2694641499083
533,66,17994.28803704288,0.42571153682729346,17994.28803704288,0.42571153682729346,1,966.3465335286778
534,66,18048.118265075438,0.4697860964661231,18048.118265075438,0.4697860964661231,0,0.0
535,66,18067.424441341198,0.8516137159276695,18067.424441341198,0.8516137159276695,1,796.0414485576895
536,66,18117.58240465249,0.7909147115933592,18117.58240465249,0.7909147115933592,1,1477.788508841563
537,66,18118.616468042437,0.7895510013804596,18118.616468042437,0.7895510013804596,1,1027.2186370256725
538,67,18463.165692855982,1.1777424781030277,18463.165692855982,1.1777424781030277,1,148.01977245535116
539,68,18470.51030225718,0.931221932387416,18470.51030225718,0.931221932387416,0,0.0
540,69,18770.59833447775,0.7470554674109735,18770.59833447775,0.7470554674109735,0,0.0
541,69,18902.25247957476,0.7554533579968847,18902.25247957476,0.7554533579968847,0,0.0
